SMILES,MolWt,MolLogP,TPSA,NumHDonors,NumHAcceptors,NumRotatableBonds,RingCount,FractionCSP3,QED,SAscore
*C[N+](C)(C)C(C)S(=O)(=O)N=CC1=CC=C(c2cccc(*)n2)C=CC1,344.4600000000001,1.8557000000000001,59.39,0,3,6,2,0.3333333333333333,0.5845007033928142,5.22771284207316
*NNC(=O)c1ccc(*)o1,124.09899999999998,-0.8471000000000002,54.269999999999996,2,3,2,1,0.0,0.5049051898895258,4.5550049516818465
*CN(Cc1ccc(C=*)cc1)C(=O)N1CCC(N(C)CC(C)(C)C#N)C1,339.4630000000001,2.3708800000000005,50.580000000000005,0,3,7,2,0.55,0.766233379177001,4.1383666626950095
*CCC(*)C=NCC(=O)O[Si](C=O)C(F)(F)F,252.24399999999997,1.1607999999999998,55.73,0,4,7,0,0.625,0.38793195702204747,5.922130935536479
*OC(=O)CCCC(Br)c1ccc(CCC(*)=O)cc1,311.175,3.3089000000000013,43.370000000000005,0,3,8,1,0.42857142857142855,0.6918587260106648,3.8847257194576494
*CCC(C)CNC(=O)CCCC(=O)NCC(C)C[Si](*)(C)SC,344.59700000000004,3.003300000000001,58.2,2,3,13,0,0.875,0.5050107588292797,4.713531253521043
*NC(=O)CCCC(=O)NCc1ccc(-c2ccccc2N(*)CCC)cc1,351.45000000000016,3.4013000000000018,61.440000000000005,2,3,10,2,0.3333333333333333,0.6895665867795693,3.0060283820531213
*c1ccc(COC(=CC=CN2CC(=O)N(*)C(C=CC=O)C2=O)[SH]=CC)cc1,384.4570000000001,1.2792999999999997,66.92,1,4,8,2,0.2,0.18313038590806496,5.435207308679901
*CCCCCN(*)C(=O)OCCOCCOCNc1ccc(OC)cc1,352.43100000000004,3.138600000000001,69.26,1,6,15,1,0.6111111111111112,0.3862632457424971,3.4062706171826775
*C*(C[N+](C)(C)CCCNC)C(=O)C(=O)N1CC(C)COCCC1C,342.50400000000013,0.9757000000000009,58.64,1,4,9,1,0.8888888888888888,0.38542730848742235,4.957688369624951
*OOC(C)(C#N)NC(=O)SCC[CH2][Ge]([*])([CH3])[CH3],304.915,2.22598,71.35,1,5,7,0,0.7777777777777778,0.2566589034233458,5.732329626207509
*C(=O)N(OC)C(=O)c1ccc([Si](c2ccccc2)c2ccc(*)o2)cc1,348.4100000000001,0.6432999999999995,59.75,0,4,5,3,0.05263157894736842,0.5016209310185131,4.058814625805633
[C]=CN(CCCOC(=O)NC*=C)C(=O)C(*C=C)=CC=CC(C)Br,382.27799999999996,2.681490000000001,58.64,1,3,12,0,0.35294117647058826,0.24442864046131685,5.677810189448943
*c1ccc(CC(=O)CNc2cc(CC)cc(C(=O)N(*)CCC)c2)cc1,336.4350000000001,2.9638000000000018,49.410000000000004,1,3,9,2,0.3333333333333333,0.7658049050034516,3.4478428849149445
*CCOC1=C=C(OC(=O)c2ccc(N=CC[SH](*)(=O)CC)cc2)C=CC1,359.4470000000001,3.357400000000003,64.96000000000001,1,5,9,2,0.3157894736842105,0.3177694883163657,4.967705314064743
*CCC(=O)CN(C)C(=O)CCCCC[Si](*)(C)c1ccccc1NCl,366.9649999999999,3.5295000000000014,49.410000000000004,1,3,12,1,0.5555555555555556,0.3495070838952302,4.3032480533407655
*C1=C=CC=C(C(=O)c2ccc(S(=O)(=O)c3ccc(*)nc3)cc2)C1=CC,347.39500000000004,2.7463000000000015,64.1,0,4,4,3,0.05,0.6301053507582987,4.073168423376484
*Oc1cccc(OCCCOCCOCCOCCSCN(*)C)c1,357.47200000000004,2.4352,49.39000000000001,0,7,17,1,0.6470588235294118,0.31342430132513255,3.453870104848276
*c1ccc(Nc2ccc(N(*)SC(=O)C#CCSCC)cc2)cn1,341.461,3.2018000000000013,45.230000000000004,1,6,6,2,0.17647058823529413,0.49450037261801727,4.155979730217813
*CCCNC(=O)CCCCCCCC(=O)NCCC[N+](*)(C)CCl,346.923,2.804500000000001,58.2,2,2,16,0,0.8823529411764706,0.25634975500261437,3.887354975992322
*OC(=O)CC(C=C)C(=O)NCCNc1ccc(Cc2ccc(*)cc2)cc1,350.418,2.1799,67.43,2,4,10,2,0.23809523809523808,0.5090937872888113,3.9134644617358685
*CCN(C)C(=CC=C1C=C(OC)C=C1C=COC)OC=CC=C(C)OC[N+]N*,386.4720000000001,3.265500000000001,66.29,1,6,14,1,0.3333333333333333,0.21392665556080181,5.303401505265663
*C(=O)c1ccc(C(=O)CC2C=C(*)C=CC(CC(=O)CCN(C)C)C2)cc1,351.44600000000014,3.4853000000000023,54.45,0,4,9,2,0.4090909090909091,0.6392558876832181,4.536583228020756
*CCCCCCCC(=O)[N](*)[Ge]([CH3])[NH]C(=O)c1ccccc1,347.982,3.1355000000000013,49.410000000000004,1,2,10,1,0.5,0.5218362622882993,3.6931570806661416
*C(=O)CCN(C)[Si](C)(C)c1ccc(*)cc1C(=O)Nc1ccccn1,339.471,1.3183999999999991,62.300000000000004,1,4,7,2,0.2777777777777778,0.7730054981946246,3.96690099542249
*OC(=O)CCCCN(CC)C1C=CC2=CC=C(*)C=C(COCCC#CN2)C1,368.47700000000026,3.028900000000001,50.8,1,5,7,3,0.5,0.5529426083795874,6.689744422536195
*CCC(=S)NC(=O)C(=C)C=CC=CC(=O)NCCC(*)=CC(Cl)=CC,364.8980000000001,3.538400000000002,58.2,2,3,10,0,0.2777777777777778,0.3539207784785882,4.718249049903221
*c1ccc(N(C)CCCCOCCC(C)CNC(=O)c2ccc(*)o2)cc1,356.46600000000007,2.3179999999999996,54.71,1,4,12,2,0.47619047619047616,0.5931831847696932,3.9536516087660525
*CCN1CCC(=C(*)C2=C(C=CC)C=C2)N=CC(=CC=CC(=O)[O][Na])C1=O,358.37300000000016,2.5698000000000008,58.970000000000006,0,4,6,2,0.25,0.5416205616717242,5.175384467739585
*[Si](C)(*N=CC=CC=C)[SiH]C1=CC=C1Cc1ccc([N+](=O)[O-])cc1[O],353.5060000000001,3.472500000000003,75.4,0,3,9,2,0.11764705882352941,0.2240275656938979,5.44070756038302
*N(CC)S(=O)(=O)C=C1C=*C(C#CCCC[CH2])C(C(=O)OC[CH2][Na])=C1,358.4150000000001,1.7397900000000002,63.68000000000001,0,4,8,1,0.47058823529411764,0.2869524376336482,5.7062515202963455
*OCCOCCOC(=O)CC(*)=NCCCOCCCC(F)(F)F,341.32599999999996,2.1141999999999994,66.35000000000001,0,6,15,0,0.8571428571428571,0.2592712918149788,3.787474647547879
*CC[Se]CCCNC(=O)CCCCCCCNC(=O)S*,365.40100000000007,3.248800000000001,58.2,2,3,14,0,0.8571428571428571,0.3669898235038304,3.9029541264175265
*OC(*)(C)CCCN(C)[SH]N(C)COCCNC(=O)NCCCC,349.5210000000002,1.7454999999999998,66.07,3,5,15,0,0.9333333333333333,0.23875340478857962,4.736190279946681
*Oc1ccc(C(=O)OC2=CC(=CC(C)(C)C#COC(N)O*)C=C2)cc1,339.34700000000004,2.7935000000000008,80.01,1,6,6,2,0.21052631578947367,0.4876131422605775,4.876595186603533
*C(=S)C(C)OCC(=O)SCN(*)C(=O)C#CC#N,268.31899999999996,0.30538,70.4,0,6,6,0,0.4,0.3920031962547315,5.564635399059261
*CCOCCOC(=O)CC1=C(C=CNC(=O)CCSCCS*)C=C1,369.50800000000004,2.721000000000001,64.63,1,6,15,1,0.5294117647058824,0.3536772184945783,4.4165463293805
*N1CCN(CCCCCCCCOC2=CC=CNC(=O)C*C=C2)O1,334.4400000000001,2.8165000000000004,54.040000000000006,1,5,10,2,0.6111111111111112,0.6227236298186755,4.948709685889092
*CC1(OC)CCSCCCCCCCCOC(C)OC(C#N)C1*,341.517,4.425880000000004,51.480000000000004,0,5,2,1,0.9444444444444444,0.7436564742273588,5.5622540933195
*c1ccc2c(c1)C[C]1=CC(=COC(=O)N2)C=[C](Oc2ccc(*)n2[O])[Na]1,342.28600000000006,1.5414999999999994,72.39,1,3,2,4,0.05555555555555555,0.8417828101523436,6.4736854353961935
*C1=CC(=O)C(c2cccc(*)c2C=O)C1CC(S)=CCCCCC(C)C#N,365.4980000000002,4.313280000000003,57.93,1,4,9,2,0.4090909090909091,0.402866250043841,5.327261238948933
*C(=O)C(*c1ccc(Br)cc1[O])CCCS(=O)(=O)CC[CH2],360.24900000000014,2.5867900000000006,71.11,0,3,9,1,0.42857142857142855,0.6796280622808228,5.039194615850574
*C(=O)CSCCNC(=O)CCCCCCOCCN1CCN(*)CC1,357.52000000000015,0.960700000000001,61.88000000000001,1,6,15,1,0.8823529411764706,0.44065234813954285,3.3649852067193784
*C(C*C)N(C=O)CCOCCOC,188.24699999999996,0.5346,38.77,0,3,10,0,0.8888888888888888,0.37071534086403746,4.891975776965302
*C1=CC(CC(C)C)C(C(=O)NC=CC(=O)OC)=C(C)C(*)=C1,287.35900000000004,2.6481000000000012,55.400000000000006,1,3,5,1,0.4117647058823529,0.6244966874145405,4.796331620690166
*C(C=CCl)CCC(=O)[SH]1C=*C(S(=O)(=O)C[SiH2])C=CC=C1,349.9570000000001,1.6443999999999994,51.21,1,3,6,1,0.38461538461538464,0.5856155051905655,6.697717191333166
*Nc1ccc([Si](C)(C)O[Si](C)(O[SiH](C)C)C(=S)C(*)=O)cc1,355.64000000000004,2.0484999999999998,47.56,1,5,8,1,0.38461538461538464,0.5711547217091077,5.116771305431653
*Oc1ccc(BCCN=[SH]Cc2ccc(S(*)(=O)=O)cc2)cc1,333.24300000000005,1.4465,55.73,1,4,8,2,0.2,0.45190761199387974,4.8891640257094755
*P(=[N])(F)OC(C)C(O)CN(C)*OC(F)(Cl)C(F)(F)Cl,349.048,2.5746,64.23,1,4,9,0,1.0,0.39487752836542184,6.147873685607484
*ON(CCN(*)CC=O)/C1=C/C=CC=C(CCOCCOCCO)C=C1,350.41500000000013,1.0014,71.47000000000001,1,7,15,1,0.5,0.26834937819428617,4.496356731068792
*CC(*)NC(=O)OCCCN1CC(CCOCCOCC)C(CC)N1,343.4680000000001,1.6039000000000003,72.06,2,6,14,1,0.9411764705882353,0.46695371874487407,4.9371074964235575
*OC(=O)NC(Cc1ccccc1C*C=C)C1=CC=CS(=O)(=O)CSC1,378.4950000000001,3.0759000000000016,72.47,1,5,7,2,0.2777777777777778,0.7893646909741497,5.006131664336327
*c1ccc(SC(=O)n2cc(F)cc(-c3cc(*)ccc3C=O)c2=O)cc1,351.3580000000001,2.5765000000000002,56.14,0,4,3,3,0.0,0.5375961012538167,4.09461150029956
*ON(C)C1=CC(=CCN(C)C(=O)CCCCCC(=O)N(*)C=C)C=C1C,345.44300000000004,2.9296000000000015,53.09,0,4,11,1,0.47368421052631576,0.4267180304434091,4.382093717370161
*CCC(C)(OCCOCC)C(=O)NC1(*)CCC(C(C)=O)CN1CC#C,350.4590000000001,1.4094000000000002,67.86999999999999,1,5,11,1,0.7894736842105263,0.4507266929032255,5.25258774118991
*OC(=O)CCN(CCCN(C)C)c1cccc(C(=O)OCCCCC*C)c1,377.5050000000003,3.7208000000000023,59.08,0,6,15,1,0.6190476190476191,0.3429149401347921,3.459916203572506
*c1c(O)cccc1[Si](*)(C)CCC(C)COC(C)NC(CC)CC,335.5640000000001,3.0654000000000012,41.49,2,3,11,1,0.6842105263157895,0.4822838384816206,5.003863348164614
*CCOCCSC(=O)C=CC=C(C)C(=O)Nc1ccc(*)cc1C,331.43700000000007,2.8546200000000015,55.400000000000006,1,4,9,1,0.3333333333333333,0.4293990572985722,3.9711067545712906
*CCCC(=O)NC(=O)c1cccc(-c2ccc(CC(=O)N(*)CCC)cc2)c1,364.4450000000001,3.603200000000003,66.48,1,3,9,2,0.3181818181818182,0.7391713359807642,3.0319367163930204
*CCC(Cc1*ccc(=CC(O)CC(C)(C)O)c1)OCC(=O)c1[c]cccc1,368.4730000000001,2.6763900000000005,66.75999999999999,2,4,11,2,0.43478260869565216,0.5986443294223901,5.833005462244177
*C(=CC=CC(C(=O)OCCCCCO)c1ccc(S(*)=O)cc1)CC=NF,379.45300000000003,3.3827000000000025,75.96000000000001,1,5,12,1,0.3684210526315789,0.2614092626285392,4.985096737588113
*C(=NN=CSC(Cl)C=CC=O)C(*)C[CH2],229.712,2.4926900000000005,41.79,0,4,7,0,0.3333333333333333,0.16812129437589093,6.595185418376988
*NC1=CC(=*CCC(C)(C)COC(=O)C/C=C/C(=O)CN(C)C)C=C1,332.4440000000001,2.2062,58.64,1,5,11,1,0.5263157894736842,0.46426290124265224,4.5864266725622524
*O[Si](C)(C)OC1=CC=C(N(*)C)CN(OC(COC)OC)CCCC1,358.5110000000002,2.386,52.63000000000001,0,7,9,1,0.75,0.46321471586737184,5.442609629135531
*C(=NC=COCC1CCCC(O)=C1*)OCCCOCC(CC)CC,337.4600000000001,4.358000000000004,60.28,1,5,12,1,0.7368421052631579,0.24872931870980067,4.805546469761312
*O[Si](C)(C)SS(=O)(=O)C1=CC=C2N=CC(=CC=C(*)C)C2C=C1,351.5250000000001,3.6498000000000026,55.730000000000004,0,5,5,2,0.26666666666666666,0.5602867124414997,5.80417682165494
*OC(=O)C1=CC(C(=NC(C)c2ccc(*)cc2)NCCSC)C=C1OC,358.4630000000001,2.3673,59.92,1,5,8,2,0.3684210526315789,0.4391698539815856,5.117923391449861
*CCCC(C)CC1CN(C)CCC(=O)C(C)COC(=O)N(*)C1(C)C,338.4920000000001,3.5988000000000024,49.85,0,4,5,1,0.8947368421052632,0.7683886172897673,5.426152080148158
*N(CC*CCN(C=C1C=CC(=O)C1)CCOC(=O)NC)Cc1[c]cccc1,369.46500000000003,2.745590000000001,61.88,1,5,12,2,0.42857142857142855,0.5742162579803777,5.052791334866916
*c1ccc(-c2ccc(-c3ccc(NC(=O)C(*)OCCOC)cc3)[nH]2)cc1,348.402,3.0002000000000004,63.35,2,3,8,3,0.19047619047619047,0.6152843380058541,3.7427500386589445
*C(=O)C=CCS(=O)(=O)[SH](C=CC=CCC)C(=O)c1ccc(*)s1,356.4900000000001,2.5059000000000005,68.28,1,5,8,1,0.2,0.33628612892891885,5.498146999169732
*N=N[N+]([Se]C(*)C(=O)c1ccccc1)C1C=CC(=CC(C)O)C=C1,374.3020000000001,2.557200000000001,67.92,1,4,7,2,0.23529411764705882,0.34500202725296236,5.354195610843428
*[CH]C=C(C#N)C=CC(I)C(=O)CSSSC(=O)C*,410.3030000000001,3.600170000000002,57.93,0,6,9,0,0.2727272727272727,0.14462992570713928,5.8659957893877195
*CC(=CC(C)C(=O)NCCC)CCCNC1=Cc2c(*)ccc(c2C)C1=O,352.4780000000001,3.1329200000000013,58.2,2,3,10,2,0.45454545454545453,0.5023588255920941,5.228267118120934
*NC(CSC(=O)O[N+]C1C(Cl)CCC1(*)Cl)OCC,314.21400000000006,2.0462999999999996,61.66,1,5,7,1,0.9,0.4425964056619488,6.310205032164386
*CC(=O)CNCCCCCCNC(=O)CCCCCc1ccc(*)s1,350.528,2.8285,58.2,2,4,16,1,0.6842105263157895,0.4508126139083792,3.377390612124783
*C(CC(=S)C(C(=O)*c1ccc(C#N)cc1[O])c1ccccc1)[Si]C,349.487,3.530380000000002,60.76,0,3,8,2,0.21052631578947367,0.540923028528564,5.110614688306271
*Oc1ccc(OC(=O)NCCN2CCNC([Si](*)(C)OCC)C2)cc1,351.47900000000016,1.0889000000000002,72.06,2,6,8,2,0.5625,0.6833429902935203,4.359208339518073
*[C]OCC[N+](C)(C=CC=CC=C(/C=C/*)N(CCC)OCc1ccccc1)CO,383.5120000000001,3.8055900000000036,41.93000000000001,1,4,15,1,0.34782608695652173,0.16443369566871172,5.0875839814856025
*CC(CCO[Si](C)(C)C(C)(C#N)[Si](*)(C)C)OC(=O)N(CC)CC,356.6150000000002,3.990280000000003,62.56,0,4,10,0,0.875,0.5552250228316091,4.929331386942329
*CC(C)(OCC)S(=O)(=O)NCC=CC=CC=CC(C)(C)c1ccc(*)cc1,375.53400000000016,3.4471000000000025,55.400000000000006,1,3,11,1,0.42857142857142855,0.6028775203651878,4.8703648665941675
*CCC/N=C(/*)COCCOCCOCCOCCOCCC(C)C,345.48000000000013,2.4210000000000003,58.510000000000005,0,6,20,0,0.9444444444444444,0.2504880454048158,3.6244172233513945
*/C(C#C)=C/COC(C#N)COCCOc1ccc(*)cc1Br,348.19599999999997,1.9942799999999998,51.480000000000004,0,4,9,1,0.3125,0.5060089584350682,4.715657026585499
*CC(*)(CS(=O)OCCCOCCn1cccc1-c1ccccn1)N[2H],350.462101778,1.8089999999999995,79.37,1,5,13,2,0.47058823529411764,0.5574452603277056,4.908602344496815
*C1=CC(=O)C=CC(=CC=C/C(=N\CCCSCC)c2ccccc2*)C(OC)=N1,392.5240000000001,3.8506000000000027,51.019999999999996,0,5,8,2,0.2608695652173913,0.49873258791415925,4.3018025395255215
*NC=C(N=C(*)C=CCCCCC)OCCOCCOCCOCC,340.4640000000001,3.009800000000002,61.31000000000002,1,6,18,0,0.7222222222222222,0.23605431494980278,3.887688741022912
*C(=O)Cc1cccc(B=O)c1C=CC1=C(NCC2CC23CCCN(*)C3=O)C=C1,372.2330000000002,1.4997,66.48,1,4,8,4,0.36363636363636365,0.7028092494198591,5.903718750463959
*CCOC(=O)C1=NCCC=C=C=CC(=CC)C(C)=[C]([N+])[Sn][S]*1,420.102,2.7647000000000013,60.959999999999994,0,4,3,1,0.375,0.4010892147159613,6.448073877205588
*OCCCCCCN(OCC)C(=O)OCCC*N(C)C[Si](C)(C)C#N,372.56200000000007,3.4683800000000025,75.03,0,6,16,0,0.8823529411764706,0.23455084429959683,4.581417022129083
*c1occ(C=CC(=O)CCCN(CC)C(=O)N(*)C2C=C(C)C2)c1C=C,340.4230000000001,3.3865000000000025,53.760000000000005,0,3,9,2,0.4,0.511378684537857,4.65981702011249
*CBCCC[P+]CC(OC)OCC1=CC=C(OC(=O)[O][Na])[C]1*,332.07700000000006,2.2335899999999995,53.99000000000001,0,5,12,1,0.5714285714285714,0.18036556006103618,6.407812568365175
*C[Si](*)(C)CC1=CC(OC(=O)[O][Na])=CC=C[SH]1N(C)Cl,327.841,3.1514000000000015,38.77,1,4,5,1,0.36363636363636365,0.3642481674929547,6.71043761048357
*CCN(CCCCCCNC(=O)Cc1ccc(*)nn1)c1ccccc1,338.45500000000004,2.3445,58.120000000000005,1,4,12,2,0.45,0.603655882974601,3.2860946008912766
*CC#CC#CCS(=O)(=O)c1ccc(NC(=O)c2ccc(N(*)C)cc2)cc1,364.42600000000004,2.5875000000000012,66.48,1,4,5,2,0.15,0.828445551487351,3.433911094958521
*c1ccc(NC(=O)c2ccc(N(*)C3=CC(=COCCN)C=C3)cc2)cc1,345.402,2.6971000000000007,67.59,2,4,7,3,0.09523809523809523,0.5980292473967109,3.7761798523549714
*NC([2H])CC(=O)NC(=O)C=CC=C(*)N(C(C)C)C(C)C=CCCl,326.84610177800005,1.9139999999999997,61.440000000000005,2,4,10,0,0.5,0.27854995858886605,5.429519826627643
*CCS(=O)(=O)c1ccc(CCOC2=C*[Si](C)(C)C=CC=N2)cc1,348.52,3.2558000000000025,55.730000000000004,0,4,7,2,0.35294117647058826,0.7108035098467625,4.25330398342939
*CN(C([2H])C)C(C)(O)NC(C)CCCCOC(=O)C=C1CCC1*,311.44410177800006,2.2306999999999997,61.800000000000004,2,5,11,1,0.8235294117647058,0.26511324253146235,5.570827614166583
*NN=C(CCC[C])CCCCN1*C=CC(C=CCC(C)CCC(=O)OC)=C1,371.5250000000002,4.573790000000004,53.93000000000001,1,5,15,1,0.5909090909090909,0.19819144021391016,5.17566686673702
*OC1=CC(=CCOC(C)C#N)C(O[Si](C)(C)[Si](C)(C)O*)=C1Cl,357.9420000000001,3.656380000000002,60.71000000000001,0,5,8,1,0.5,0.6202362640478523,5.488588622162124
*Oc1ccc(C(O)COC2C=CC(/N=C/c3ccc(*)nc3)=CC2)cc1,334.37500000000006,2.4808000000000003,63.94,1,5,7,3,0.2,0.7902969476113647,4.76474769914217
*C1=CC(*)=NC(CC(O)COCCOCCCCC(C)(C)C)N1,310.43799999999993,2.2548,63.08000000000001,2,5,11,1,0.8235294117647058,0.5746426750516955,4.769441254580879
*CC(=O)OC(O)COC1=C2C=CC=C(C=C1)OC=C2C1=CC=C(C=*)C1,337.3510000000001,2.6183000000000005,64.99000000000001,1,5,7,4,0.2,0.5713951359260222,6.133573547284306
*C(CCON(*CCN1CCCCC1)C(C)CNC(=O)OCC)OCC[CH2],371.5220000000002,2.7650900000000016,63.27000000000001,1,6,15,1,0.8947368421052632,0.44672794931376275,4.86233629267762
*=C(CCC)C(*[N+]CC)CCCC(CC)SCCNC(=O)[Se][CH2],391.483,3.8084900000000026,43.2,1,2,16,0,0.8235294117647058,0.32119024251739575,5.695425869965495
*CCOC(=O)N(CC=CC=C(C)C=O)C(=O)S*,255.295,2.4115,63.68,0,5,6,0,0.36363636363636365,0.41407750020987383,4.653624509135377
*N=P(*)(CCCN(C#C)C[N+](C)CCCO[Si](C)(C)C)OC(O)CO,377.4980000000001,1.6102999999999996,80.42,2,7,14,0,0.8666666666666667,0.09143567348741508,5.86898333379122
*CC(*)(C)C(=O)OCC(C)CCC(=O)N(CC)COC(F)(F)Cl,341.7819999999999,3.2531000000000025,55.84,0,4,11,0,0.8571428571428571,0.328687991092513,4.798039652956697
*NC(=O)CCCCSN(C)C(=O)/C(CC(C)CCC)=C(\C)CN(*)CC,369.5750000000002,3.772800000000003,52.650000000000006,1,4,14,0,0.7894736842105263,0.2876113968203096,4.738529032757379
*CC(O)C(O)[Si](C)(C)CCC(=O)O[Si](*)(C)Cc1ccc(F)cc1,356.54200000000003,2.399,66.76,2,4,9,1,0.5625,0.6669218877639731,5.008912622770605
*OC[Si]1(C)O[Si](C)(C)CO*C=CCOC=CC=CC=N[PH]1C,359.51099999999997,3.2996000000000016,49.28,0,5,2,1,0.5,0.5606352798424459,7.221733387184822
*CCCC1CCC(COS(=O)(=O)OCCN(*)C(C)(C)C)OC1,335.4660000000001,2.3722000000000003,65.07000000000001,0,6,10,1,1.0,0.6105741431460363,4.79332519218174
*C#CC(C)NC(=O)c1ccc(CC(CCc2ccccc2)C(=O)*N)n1C=C,362.4530000000001,2.4939,77.12,2,3,10,2,0.2727272727272727,0.6376668673852242,4.690497769936484
*NC1=CC(=CCN=C(C)C2=CC(=COC)C=C2)C=C(C(*)=O)C=C1,306.36500000000007,2.9101000000000017,50.690000000000005,1,4,6,2,0.15789473684210525,0.6061944437936955,5.015971895517302
*C1=CC(C=CCCC)(OC)C(*)=C1OC=CC=C(CC)C(=O)OCCOC,360.45000000000016,3.991900000000003,53.99000000000001,0,5,12,1,0.47619047619047616,0.13151170670906054,4.952853872325279
*CC1C(=O)N(CCCCCOc2ccccc2C(=O)O*)CCC1S,349.4520000000001,2.9713000000000016,55.84,1,5,9,2,0.5555555555555556,0.550026518135449,4.216141532352635
*CCN(C)CCCCCNC(=O)NCCCSCCNC(*)=S,346.5660000000001,1.9024000000000003,56.400000000000006,3,4,15,0,0.8666666666666667,0.31231456424951737,3.549573561739731
*N=P(*)([O][Na])OCCCC(C)CN(CC)CCCOCCO,330.34100000000007,2.2001000000000004,63.52000000000001,1,6,15,0,1.0,0.28328173054527117,4.882837334453806
*NC(C=CC)=C(C=C(C=C(C(*)=S)C(F)(F)F)N(C)O)C(C)O,334.363,2.8216000000000014,55.730000000000004,3,5,7,0,0.35714285714285715,0.2892776089722687,5.475899809335607
*CC(*)C(=O)Nc1cccc(C[N+](C)(C)CCCC(=O)NCCCC)c1,346.49500000000006,3.203400000000002,58.2,2,2,12,1,0.6,0.4509477054179601,3.7377506543790027
*C([CH2])C(=O)OCCOC(OC)*1cc(Br)ccc1NC,332.1940000000001,2.731490000000001,56.790000000000006,1,5,8,1,0.46153846153846156,0.450641824664868,5.351371025752512
*c1nnc(C2=CC=CC(F)*(C(=CCS(C)(=O)=O)C[CH2])C2)s1,327.42600000000004,2.1531899999999995,59.92,0,5,5,2,0.35714285714285715,0.8313198912529902,5.603117569167918
*CC1=CC(=CC[Si](C)(C)O[Si](O*)C(=O)[N+]2=CC=C(OC)C2)C(C)=C1,361.5460000000001,3.286400000000002,47.769999999999996,0,4,8,2,0.4117647058823529,0.4916112533870854,5.483347365953367
*C(C)CCCNC(=O)[Se]([2H])C(=O)N(*)C(=O)CCC(C)(C)C,349.3311017780002,2.5096000000000007,66.48,1,3,8,0,0.7857142857142857,0.5408448281412315,5.142730457974026
*CC(=O)NSSCCCCCNC(=O)NCCCCC(*)(F)F,355.4760000000001,3.148500000000001,70.23,3,4,14,0,0.8461538461538461,0.2542946077420676,3.8195195172767313
*CCCN(C)S(=O)(=O)CCCC(C)N(CC)C(=O)c1ccc(*)cc1,352.50000000000006,2.1113,57.690000000000005,0,3,11,1,0.6111111111111112,0.6128147200463582,4.076823988954448
*C#CC1=CC(OCCCOC(=O)c2cc[c]*oc(OC)c2)C=CC=C1,338.35900000000004,3.145290000000002,57.900000000000006,0,5,7,2,0.25,0.4342015091612079,5.192810097846138
*CC(=O)CCC(=O)CN1C(=O)c2cc(c(*)s2)-c2ccccccccc21,363.43800000000005,3.5603000000000025,54.45,0,4,6,3,0.19047619047619047,0.7884872126030914,4.525238000403211
*Oc1ccc(OCC(C)C=COC(=S)C(=O)NCCN(*)CC)cc1,350.44000000000017,2.3047000000000004,60.03000000000001,1,6,10,1,0.4117647058823529,0.5161194583741843,4.434324868075327
*c1cccc(C(C)NC(=O)CCCC(=O)OCCCN(*)OCC)c1,334.41600000000005,1.8598,67.87,1,5,12,1,0.5555555555555556,0.3589418009276747,3.872246021921482
*c1ccc(S(=O)(=O)CCC2=CC=CN(C)CC(O)C*C=C2)s1,338.47400000000005,1.8498999999999997,57.61,1,5,4,2,0.375,0.9102086143074634,5.630921609433788
*CCN(C=CC(=O)OC1C=C2C=C(*)C=CC=C2C1)CC=CCOC=CN=C=O,378.4280000000001,3.320800000000002,68.2,0,6,11,2,0.2727272727272727,0.10493047444143033,5.649162255714795
*CCC(O)COCCOCC(C=C(*)N(CSO)c1ccccc1)OCCO,399.5090000000002,2.1767000000000007,91.62,3,8,17,1,0.5789473684210527,0.2085786795646885,4.761696977774717
*CC(*)(C)C(=O)ON(C(C)F)C(F)(F)C(F)(F)C(=O)C(F)(F)F,343.16999999999996,3.1171000000000015,46.61,0,4,7,0,0.8,0.40485715935713784,5.319330403363132
*C(=O)CC1=CC=CCC(C(=O)OCCOC)(C2CC=CC(*)=CC2)C=C1,340.419,3.4703000000000026,52.60000000000001,0,4,7,2,0.42857142857142855,0.5259207084708816,5.112662071611805
*C1=CC=C(OS(=O)(=O)CCCCOCCN(*)CCCC)N=CC#C1,352.45600000000013,2.0584,68.20000000000002,0,6,13,1,0.5882352941176471,0.2882776979115708,4.729703883562713
*N1CCC(C)c2cc(s*c3ccc(cc3)[nH]c(=O)c2)S1(=O)=O,335.43000000000006,2.6762000000000006,70.24000000000001,1,4,0,4,0.26666666666666666,0.804501224181326,6.616025656769308
*/C=C/C(C)(CCC1C(C)C(=O)C1CCCC(=O)N(*)C=O)c1ccccc1,353.462,3.8583000000000034,54.45,0,3,10,2,0.5,0.6003091661308606,5.146570208009038
*CCCCCCN(*)C(=O)OCCOCCOCCSCCCO,349.4930000000001,2.566100000000001,68.23,1,6,18,0,0.9375,0.38365683929923533,3.688779296848365
*CNN(C)c1ccc(C(=O)N(C)c2ccc(NC(=O)O*)cc2)cc1,326.35600000000005,2.4236000000000004,73.91000000000001,2,5,6,2,0.17647058823529413,0.7976660605703016,3.257285258694429
*OC(=O)NCC(C=CC(=CC)CBr)=CCOCCC(C)O*,360.24800000000016,3.2768000000000024,56.790000000000006,1,4,11,0,0.5333333333333333,0.3490817970519156,5.105787898838248
*C(=O)N1CCNC(=O)OC(COCCCCCC)C(*)CC1Br,377.27899999999994,3.111900000000001,67.87,1,4,7,1,0.8666666666666667,0.42063098483667666,5.2078364223425
*OCCC(=O)N(c1ccccc1)S(=O)(=O)CC1CCCCC1*,323.41400000000016,2.748400000000001,63.68,0,4,7,2,0.5625,0.7737973965151604,4.367263840949734
*CCN(CCCOCCOCCOCCOC)C1=CCN(*)COC1,344.4520000000001,0.9802000000000006,52.63000000000001,0,7,16,1,0.8823529411764706,0.38693616625867955,4.062172258694429
*C#CC(*)(C)CCCCCCN(CC(=O)N(C)CCCC)NC1CC1OC(C)=O,391.55600000000015,2.9441000000000015,61.88,1,5,15,1,0.8181818181818182,0.2012621444962773,4.890419949436195
*[C]=CC=C(CCC(CC)CCCOC(=O)C=CC=CC=CN)CNC(*)=O,357.47400000000005,3.7524900000000017,81.41999999999999,2,4,14,0,0.42857142857142855,0.21464088865170858,4.838337834516933
*CCC(=O)NCCSCCCCCOC(=O)NC(C)(C)N(*)C,331.48199999999997,2.2222,70.66999999999999,2,5,13,0,0.8666666666666667,0.3999245426216427,3.712009135350965
*N=P(*)(OC=C1C=CCCN(C)CCCCOCCOCC1)OCC,358.41900000000015,3.9784000000000033,52.52000000000001,0,6,4,1,0.7647058823529411,0.5619992396774109,4.970395090761836
*CCN(CCOC(=O)Cc1ccc(N(*)CC)cc1)C(C)C(=O)Cl,338.83500000000004,2.4864000000000006,49.85,0,5,11,1,0.5294117647058824,0.4580920924759484,4.071448650987405
*Oc1ccc(*N(CC(O)C(O)C[S])C(C=C)=CC=C/C=N/C)cc1,346.45200000000006,1.703,65.29,2,5,11,1,0.2777777777777778,0.47282335451456237,5.833587765229347
*CCOCCOC(=C)C(=O)C(C)(C)[Si](C)(C)CCN(CC)C(*)=O,341.5240000000001,3.549800000000002,55.84,0,4,13,0,0.7647058823529411,0.22242732938766324,4.399848632626346
*CC(O)CCCCC1=CC=C(OC2CCN(*)CC(C)C2)C(=O)C1OC,349.4710000000001,2.864700000000001,59.0,1,5,9,2,0.75,0.6487772737077795,5.289096121687894
*CC(*)N(CC=CC=Cc1ccc(C(=O)[O][Na])cc1)CC[SH]([2H])(=O)O,346.4021017780001,1.3276,66.84,1,4,10,1,0.3125,0.5113476859972537,5.43989247370913
*[Si](C)(C*OC1CCC(C#N)CC1)COCCOCCOCCOC,358.5310000000001,2.4028800000000006,69.94000000000001,0,6,15,1,0.9411764705882353,0.3306559558993682,4.502937342087801
*COCCOC(=O)C1=CC(=C[Si](C)(O)c2ccc(N(*)CC)cc2)C=C1,357.4820000000001,1.7802,59.00000000000001,1,5,9,2,0.3157894736842105,0.4147239102632992,4.734587186603536
*Cc1ccc(N(CC)CCCS(=O)(=O)c2ccc(C(=O)O*)cc2)cc1,359.4470000000001,3.0473000000000017,63.68000000000001,0,5,9,2,0.3157894736842105,0.6885001250149861,3.12432473106879
*OC(=O)C[Si](C)(C)Oc1ccc(C(=O)N2CCN(*)CC2F)cc1,338.411,1.7957,59.080000000000005,0,5,5,2,0.4666666666666667,0.6051360014347734,4.365622406643512
*C(C*=C)C(=O)C=CC(Cl)C#C[SH](=O)(Cl)C=O,281.15999999999997,1.3138,51.21,1,3,6,0,0.3,0.19938548711287704,6.9166644955382885
*SCOCCCNC(=O)CCN1CN=C(*)C1c1cccc(Cl)c1,353.875,2.670000000000001,53.93,1,5,10,2,0.5,0.518763197791513,4.127981826055915
*c1ccc(C(C)(O)[Si](c2ccccc2)c2ccc(N=*)cc2C(=O)O)cc1,359.4570000000001,1.9796999999999998,69.89,2,3,6,3,0.09523809523809523,0.6613978094275687,4.512969195463677
*NC=C(C=CC=CC(=O)NCCCCNCC=O)N(*)c1ccccc1,340.42699999999996,1.6498999999999997,73.47,3,5,13,1,0.2631578947368421,0.22036485223587937,3.8449347530468128
*CC(*)OCCN(CC)C(=O)OCCCOCCOCCOCC,333.4250000000001,1.7642999999999998,66.46000000000001,0,6,17,0,0.9375,0.3779776103273203,3.9307776037992976
*C(C[CH2])COCCOc1*ncc(=CCc2ccc(C(=O)[O][Na])cc2)c1,349.362,2.0213900000000002,57.650000000000006,0,5,10,2,0.3157894736842105,0.48518424226199647,5.070866195594542
*CC(C)OC(=O)C(O)C(*)=C[Si](C#CC(F)(F)Cl)C(F)(F)F,347.71899999999994,2.1895000000000007,46.53,1,3,5,0,0.5454545454545454,0.27255905912569944,5.941915886935806
*CC(F)(F)N(*)C(=O)CC(O)C(O)C(F)OC(F)F,279.161,0.4864,70.00000000000001,2,4,8,0,0.875,0.5008262002513552,5.563620706460925
*CCN(CC(C)(C)C)OC(C)COC=CC=C(C)c1nnc(*)o1,321.42100000000005,2.813600000000001,60.620000000000005,0,6,10,1,0.6470588235294118,0.3750748410490985,5.320876705286047
*O[Si](C)(C)O[Si](C)(C)C=C1C=CC=C1C=C1C=C(*)C=C1[N+](N)=O,345.5270000000001,3.2623000000000006,64.56,1,3,6,2,0.25,0.34723964538339624,5.253387171882727
*CC(O)COc1ccc([N+](C)(C)C(=O)OCCC[Si](C)(C)O*)cc1,354.49899999999997,3.1735000000000015,64.99000000000001,1,5,10,1,0.5882352941176471,0.39709986491328975,4.5113954175258755
*Nc1ccc([Si](C)(I)O[Si](C)(C)O)c(CBr)c1*,444.21500000000015,2.0569999999999995,41.489999999999995,2,3,5,1,0.4,0.3164815077366106,5.375076975197409
*CCN(CCC(C)CCCC)CNC(=O)c1ccc(C(=O)N*)cc1,331.46000000000004,3.054000000000001,61.440000000000005,2,3,12,1,0.5789473684210527,0.5787540293618282,3.8008075603830207
*Cc1ccc2c(c1)CC=NC=CCC(=O)NCCCCCN1NC(*)=CN21,351.45400000000006,2.4429,59.970000000000006,2,5,1,3,0.4,0.8158962756214821,4.856339675411082
*N=P(*)(OCCOCC(=O)OCC1=CC=C1)OC(C)CN(C)CC,344.3480000000001,2.3756000000000004,69.59,0,7,13,1,0.6666666666666666,0.2902244326482133,4.873373199725134
*C(=CC#C)C=C(N)CCCCN(C)CC=c1cc(NC(=O)CC[C]=O)*cc1C,379.50400000000025,2.33392,75.43,2,4,12,1,0.391304347826087,0.3320362963743022,4.904659760263677
*C#CC#CC(C)(C)S[n+]1ccc(CNC(=O)c2ccc(C(=O)N*)cc2)cc1,376.46100000000007,1.8866999999999998,62.080000000000005,2,3,6,2,0.19047619047619047,0.5978656498406104,4.040189707846013
*CCCC#CCOc1ccc(CC(C)C(*)(CCOCCOC)OC)cn1,361.48200000000014,3.335300000000002,49.81,0,5,14,1,0.6666666666666666,0.3757121622999717,4.580176214780833
*c1ccc(C(=O)OC(C)CCC2=C(C=CO[Si](*)(C)NCC)C=C2)nc1,356.49800000000005,2.7059000000000006,60.45,1,5,10,2,0.3684210526315789,0.39674706893031986,5.2692046222190925
*CCCOCCOCCCCN(C)c1ccc(CNC(=O)O*)cc1,336.432,2.9844000000000017,60.03,1,5,14,1,0.6111111111111112,0.5293324963741317,3.257911402145573
*C1=CC=C2C(S1)c1cc(C3=CC=CC(=O)*C3)c(C)cc1S2(=O)=O,341.43300000000005,3.8279200000000024,51.21,0,4,1,4,0.16666666666666666,0.7789028196765326,5.350672988414682
*CCOCCO[Si](C)(OC(C)C)[Si](C)(O)O[Si](C)(C)O*,340.5970000000001,1.8261999999999998,66.38000000000001,1,6,12,0,1.0,0.43175422210096975,5.489755215948395
*CCCOCCCC(COC)Oc1ccc(-c2ccc3c(c2)C(=O)N(*)C3=O)cc1,395.45500000000015,3.962200000000003,65.07000000000001,0,5,12,3,0.391304347826087,0.40200247289354946,3.747837019277001
*N(C)c1c*c(C(=O)OC(F)(F)CCCC(F)(F)C[Si](C)([O])O)cc1,368.379,3.3560000000000016,69.67,1,4,9,1,0.5714285714285714,0.4122508329739737,5.302904053595689
*C(C)CC*C(CCCC)C(=O)NCCCC[S](=O)=O,289.441,2.9917000000000016,63.24,1,3,13,0,0.9285714285714286,0.5301210955062825,5.0023070581411755
*[C]1OOC(C(=O)OC2=C3C=CC(*)[SH]32)=CC=CCC1CCCCCC,347.45600000000024,4.576090000000003,44.760000000000005,1,4,7,3,0.47368421052631576,0.31691285889269094,6.165995874778909
*NC(=O)NCCN(CC)C(F)(N*)C(F)(F)C(F)(F)C(F)(F)F,344.20599999999996,1.5819,56.400000000000006,3,3,8,0,0.8888888888888888,0.3560688735020854,4.605397413370916
*COCC(O)CN(C)OCc1ccc(Cl)c(NC2C=C*N(C)C2)c1,354.85800000000006,1.8273,57.20000000000001,2,6,10,2,0.5294117647058824,0.6251401656560464,5.048120879033352
*CCCCCN(C)C(=O)CCC1=CN(C)CC(=O)N1C(*)=CC(=O)[O][Na],357.3860000000001,0.9956999999999998,70.16000000000001,0,5,10,1,0.5882352941176471,0.331366775292523,4.618424802723164
*Oc1ccc(C(=O)SCCCS(=O)(=O)c2ccc(O*)cc2)cc1,350.41700000000003,3.1102000000000016,69.67,0,6,8,2,0.1875,0.6814867703585328,3.2901299174953227
*Oc1cccc(OCC(C)(C#N)CCCOc2ccc(*)cc2)c1C=[N+],335.38300000000004,2.69118,73.78,0,4,10,2,0.3,0.4941317406924271,4.555561421421347
*CCNC(=O)/C=C/CCSCCNC(=O)C1CC*C=CCC1,323.4820000000001,2.6830000000000007,58.2,2,3,10,1,0.6470588235294118,0.47992241231812016,4.568480356514728
*[C](O)OCCCCCCCN(CC(C)(C)C)c1ccc(*)cc1C(=O)O,348.4630000000001,3.747790000000003,70.0,2,4,12,1,0.6,0.5630909323725438,3.556151673113048
*Oc1ccc(N(C=CC=CC(=O)CN=O)C(=O)[si]2ccc(*)cc2)cc1,350.406,2.610100000000001,76.03999999999999,0,5,8,2,0.05555555555555555,0.3173358776585642,4.86590693349794
*CCOCN(*)C(=O)OCCOCCNCCCc1ccc(Cl)cc1,356.8499999999999,2.7234000000000007,60.03,1,5,14,1,0.5882352941176471,0.4100409375839444,3.389855892790063
*CC1=CC(=C2C=CC=C(S(=O)(=O)c3ccc(*)s3)C=C(C)C2=NC=C)O1,369.4670000000001,3.8167000000000026,55.730000000000004,0,5,4,3,0.10526315789473684,0.8107311592216289,4.895870660382721
*C1=CC=C([SH](C)(=O)C2=CC=C(N3COCC=C(*)C3)CN2)C=COC1,346.4520000000001,1.5453,50.8,2,5,3,3,0.3333333333333333,0.7595873919612252,5.758575435409607
*CCN(CCCCOC(=O)Cc1cc(Br)c(C#N)cc1OC)O*,383.24200000000013,2.860780000000001,71.79,0,6,11,1,0.5,0.3325156571124467,3.7275007345044013
*CC(O)(COc1ccc(*)cc1OCC(C)C)CC(C)OC(=O)NC(C)C,365.4700000000001,2.886700000000001,77.02000000000001,2,5,11,1,0.65,0.6304948764309604,4.422038205043735
*CCCS(=O)(=O)CCCSCCCCCSCC(=O)N*,339.548,2.3662,63.24,1,5,15,0,0.9230769230769231,0.46412191190850866,3.8310744290656977
*CSCc1ccc(C(=O)OCCCCCCOCCN(*)CC)nc1,352.50000000000006,3.3416000000000023,51.660000000000004,0,6,15,1,0.6666666666666666,0.356383809820115,3.4611953938295654
*CC(C)CC(C)OC(=O)C=C1C=CC(*)(C)NC(=O)C1C=C[Si]C,331.48800000000006,2.6720000000000006,55.4,1,3,7,1,0.5555555555555556,0.4432080374897752,6.2024953523985005
*CCC(O)OC(=C)C(=O)CC=CCCCCN=C(*)CCc1ccccc1C,369.5050000000001,4.767520000000005,58.89,1,4,15,1,0.4782608695652174,0.12098364635726415,4.393952607825199
*Oc1ccc(C(C)=O)c(CC(=O)NC(C=CC=CC(*)=O)c2ccccc2)c1,361.3970000000001,3.3206000000000024,72.47,1,4,9,2,0.13636363636363635,0.42243905999723025,3.990491069363661
*CC(*)c1ccc(C=CC=CC2=CC3=C(S(=O)(=O)O)C=CC23)nc1,325.389,3.4769000000000023,67.26,1,3,6,3,0.16666666666666666,0.6421427675913743,5.276817369085185
*N(C)C(=O)C1CCC(NCC(*)(CC[N+](C)(C)CC#N)CC(C)C)C1=O,349.4990000000001,1.59058,73.2,1,4,10,1,0.8421052631578947,0.36923473469308793,5.475994725561896
*c1ccc(S(=O)(=O)C2=CC=CC(=O)NCCc3ccc(*)cc3C2)cc1,351.4270000000001,1.1645999999999996,63.24,1,3,2,3,0.15,0.883295836515523,4.437575793890983
*N(C)C(C)OC(=O)C=CC1=C(OCCCCC(=O)C=CC=C2*C(O)=C2)C=C1,370.42499999999995,3.345900000000002,76.07,1,6,12,2,0.3333333333333333,0.24572511715215006,4.902396261671353
*CCN(C)[PH](=O)C=CC(C=CC#N)C=[N+]CCOc1ccc(*)s1,349.3960000000001,2.29188,67.43,0,5,11,1,0.375,0.2660344438923224,6.415299566887384
*C(=NS)C(Br)=CC(O)=CO[Si](C)(C)c1ccc(*)cc1,356.3170000000001,2.760700000000001,41.82000000000001,2,4,5,1,0.15384615384615385,0.28011041262731845,5.19304774131129
*CC(O)N(C)COc1cc[n+](Cc2ccc(C(=O)S*)cc2)cc1,331.417,1.9142,53.650000000000006,1,5,8,2,0.29411764705882354,0.5915113888318323,4.326490790612484
*CC(*)OCCOc1ccc(CCOCCCOCCN(C)CC#N)cc1,362.47,2.3461800000000004,63.95,0,6,17,1,0.65,0.31307634950431534,3.7965717694281764
*NC1C(CC(*)C)CC=CCC1C(=O)N(CCC)CC(=O)CCSC,352.5440000000001,3.299900000000002,49.410000000000004,1,4,11,1,0.7894736842105263,0.5797564210149625,5.074469863831409
*C(=O)NCCCOC1=C(C)C(C)N2CCC(=CC2=*)CC(=O)C=C1C#CC=CCC,393.50700000000023,3.494600000000003,58.64,1,4,6,3,0.4583333333333333,0.5543387407384703,6.35065507918372
*O[Si](C)(C)O[Si](C)(C)CCC(C)C(CNC(*)=O)COCCOC,363.60300000000024,2.9551000000000016,66.02000000000001,1,5,14,0,0.9333333333333333,0.37956639108344,4.915118428026245
*CCCOCCNCCOCCCCCCCC(CCOCCOC)N*,374.56600000000014,2.783100000000001,60.980000000000004,2,6,24,0,1.0,0.2534111855291625,3.8683465130179187
*[O][Sn]([O]C(C#N)C(*)(C)c1ccccc1)[C](=O)OC,352.9420000000001,1.67708,68.55,0,5,6,1,0.3333333333333333,0.7283971629366854,5.086168301926355
*CCS(=O)(=O)SCCC(=O)OCCN1CCC=C(C*)C1CC,347.50200000000007,2.3286000000000007,63.68,0,6,11,1,0.8,0.3246630173936009,4.7080897210632235
*CCN1C=CCCC(O)(C=COCC(F)F)C(O)=C(C=C(*)C)C1,327.3710000000001,3.3552000000000017,52.93000000000001,2,4,7,1,0.5294117647058824,0.704204437841019,5.844060545436173
*/C=C/C(/C=C/C(=O)NCCOCCNC(=O)CCCCCC*)=C(C)C=C,360.49800000000016,3.2752000000000008,67.43,2,3,16,0,0.5238095238095238,0.2521345307787809,3.8760365387455034
*CCCCCC(C(C)C)N(CC)CCCCC(=O)NCCC(=O)N*,339.524,3.118000000000001,61.440000000000005,2,3,16,0,0.8947368421052632,0.4247799110036152,3.955255203936648
*S(=O)(=O)CCCCCC(=O)OCCC*N(CCC[CH2])CCCC,347.5210000000002,3.493890000000002,63.68,0,5,17,0,0.8823529411764706,0.2975882142731444,4.041204413434168
*C(=O)n1cc*c([SH](Nc2ccccc2[C]=O)c2ccccc2)ccc1,348.427,4.471800000000003,51.1,2,3,5,3,0.0,0.6689146587396255,4.936262168852054
*CCC(C)(CCC(=O)OCCOC(=O)C1CCC(*)C1)CC(=O)CC,338.44400000000013,3.7241000000000026,69.67,0,5,12,1,0.8421052631578947,0.400502297765382,4.795329239103028
*CC(=O)C(N)(C(=O)N(C)C)c1ccccc1C=C1C=CCC(C(*)=O)C=CC1,364.44500000000016,2.4472000000000014,80.47,1,4,6,2,0.3181818181818182,0.620989696885284,4.938139726011352
*Nc1ccc([Si](C)(C)c2ccc(OC(=O)CS(*)(=O)=O)cc2)cc1,347.468,1.1698999999999997,72.47,1,5,6,2,0.1875,0.48241322785972124,3.5717299692083166
*Oc1cn(C(=O)C2=C(C(C)O)C=CCN(*)CC2)cc1Cl,294.73799999999994,2.0284,54.7,1,4,3,2,0.35714285714285715,0.9266294869411161,5.124318735798424
*C(=S)N(*)C(=O)OCCOC(O)=CC=CC(=O)c1ccccc1C,333.36500000000007,2.8870200000000015,76.07,1,6,7,1,0.1875,0.20645483419859517,3.6848571185295835
*OC(CN(*)C(=O)CCN(CC)CCCNC(C)=O)c1ccccc1,333.432,1.7396999999999994,61.88,1,4,12,1,0.5555555555555556,0.5919939089367565,3.7778517911522496
*C1C=CC(=O)c2c1*c(C)cc1ccc2NC(=O)c2cccc(c2)O1,316.33600000000007,4.258120000000003,55.400000000000006,1,3,0,4,0.1,0.7899084667287576,5.943502414852874
*CC(C)(C)CC(=O)NNC(=O)C1(N(C)C(C)(C)C)NCN(*)CC1C,339.48400000000004,0.9074000000000018,76.71,3,5,5,1,0.8823529411764706,0.6491760759213119,5.224530560866545
*N=[PH](C=C1[C]=NC=C1C)C(*)OC(C=C)C(Br)=CC=CO,354.16400000000004,4.3522000000000025,54.18000000000001,1,4,7,1,0.21428571428571427,0.31982354254107465,7.051260268256243
*CCCCN(C)C(=O)SCS(=O)(=O)C(CC)(SC)N(*)C,340.536,2.7144000000000013,57.690000000000005,0,6,10,0,0.9166666666666666,0.45008991502274204,5.108738168996803
*NC(C(=O)NC1CCN(*)CC1)C(=O)C(CCC)N(CC)CCCC,338.49600000000015,1.3136000000000003,64.68,2,5,12,1,0.8888888888888888,0.5254713798239893,4.542947976496953
*NCC=CC=CCC(=O)c1cccc(NNC(=O)c2ccc(*)cc2)c1,333.3910000000001,2.3572000000000006,70.23,3,4,9,2,0.1,0.37424746762815436,3.624701786013846
*[SiH]([O])P(=O)(O)OCCOc1*cc(F)c(=CCN(C)C)c1,321.317,0.16449999999999987,78.9,1,4,8,1,0.45454545454545453,0.4192711047308301,5.751614064503942
*C(=N)C=CC=NN(CC)C*OC1C=CC=C(Cc2ccccc2)OO1,340.4030000000001,3.321670000000002,67.14000000000001,1,6,10,2,0.2631578947368421,0.4029894742462167,5.072467494295842
*C1=CC2C(=C/C(C*C=O)=C\C=C1)N(C(=O)C=CC=O)C=CN2C=CC=CC,361.42100000000005,3.3221000000000016,57.690000000000005,0,4,7,2,0.13636363636363635,0.39650046533226363,6.180834477994089
*CCCCSCCNC(=O)CCCCCCSCC(=O)N*,332.53499999999997,2.8478000000000003,58.2,2,4,16,0,0.8666666666666667,0.42678082637110987,3.512749950488626
*C(=O)CC=CC(Cl)CCNc1ccc(*)cc1,235.714,2.2928000000000006,29.1,1,2,7,1,0.3076923076923077,0.5805094950890611,4.666534189218966
*C1C=CC(NC(=O)C(C)CS(=O)(=O)CCCCCN(*)CC)C=C1,340.48900000000003,1.9424,66.48,1,4,11,1,0.7058823529411765,0.46102912178634825,4.714089374969305
*CC(F)(F)C(F)(F)C(F)(F)C(C)(O)NCCOC(=O)N(*)CC,338.2480000000001,2.0808,61.8,2,4,9,0,0.9090909090909091,0.3838967729916671,4.705530490293993
*CCOCCOC[Si](C)(C)COC=CC=CC1=NN=C(*)[SH]1,327.502,2.558400000000001,52.41,1,5,12,1,0.5714285714285714,0.19700621365483165,5.391368412027087
*CCCC1=CC=PCC(C(C)CNC(=O)C2=CC=C(*)OC2=CO)C=C1,357.3900000000001,4.094000000000002,58.56,2,3,7,2,0.4,0.5328329469033904,5.894465108049052
*C(=S)c1ccc(CC(=O)SC2=CC=CS(=O)(=O)O*C=C2)cc1,351.4500000000001,2.985000000000002,60.44,0,6,4,2,0.06666666666666667,0.7774088984535068,4.924308779616609
*Cc1nc(*)cc(OCCOCCOCCCCCOCCCC)c1C,351.4870000000001,3.012920000000001,49.81,0,5,17,1,0.75,0.40388696267314544,3.4118774103894705
*NC(=O)NC1=CC(C2CCCOC(C=COC)C=C(C)C=C(*)C2)=C([NH])C1,356.44600000000014,3.299400000000001,83.39,2,3,4,2,0.45,0.7582303610875505,6.039702175371376
*N(C=CC(=O)Nc1ccccc1S(=O)*[SH]C)C(=O)OCC,328.41500000000013,2.1795,75.71000000000001,2,4,7,1,0.23076923076923078,0.5940866564837017,4.673051635101984
*CCN(OCC=C)C(C)(OC)C(*)CCOCCOC(=O)NCCCC,358.47900000000016,3.0070000000000014,69.26,1,6,17,0,0.8333333333333334,0.18653450913242708,4.774783665878137
*CC(Cl)(COC(=O)C=Cc1ccccc1)NCC(C)n1ccc(*)n1,345.8300000000001,2.3676000000000004,56.15,1,4,9,2,0.3333333333333333,0.3279499880817282,4.51743763351175
*CC(*)(C)NC(=O)C=CC1=C(C(=O)OCCc2ccc(C)nc2)C=C1,324.38,2.2476200000000004,68.29,1,4,8,2,0.3157894736842105,0.5881152189875923,4.3153710219214805
*Sc1ccc(S(=O)(=O)c2ccc(C(=O)c3ccc(*)cc3)cc2)cc1,352.43600000000004,3.4814000000000016,51.21,0,4,5,3,0.0,0.6598304276111712,3.0328406591159265
*CC(*)OCCCCN(CC)c1ccc(OCCOCCOO)cc1,339.4320000000001,3.037700000000001,60.39,1,6,16,1,0.6666666666666666,0.28373517399233755,3.7983926435431012
*N=P(*)(CCBr)OCCOCCOCCOCCOCC,374.2120000000003,2.529000000000001,58.510000000000005,0,6,16,0,1.0,0.2361349579419447,4.284736353664427
*OS(=O)(=O)c1ccc(C(C)(C)c2ccc(OC(*)=S)cc2B)cc1,346.238,1.6535,52.60000000000001,0,5,5,2,0.1875,0.6088020867528093,3.80495961734771
*CC(C)(C)CCN(C)CC(=O)CCCCCCC(=O)C(=O)C(*)(C)C,337.504,4.097800000000003,54.45,0,4,15,0,0.85,0.33339819767042833,3.734396684033796
*C(=O)CCCCCOCCN1*OC(=S)NC=CC=C=C(C)CCC1,351.4920000000002,3.1563000000000017,50.8,1,5,9,1,0.6111111111111112,0.3911815570951361,5.225749608200067
*CC1C=CC=CC(C)(CC[Si](C)(C)C)C(=O)NC[C](*)N=C(C)C=CCC1,371.6210000000002,5.3830900000000055,41.46,1,2,4,1,0.5909090909090909,0.6619945753683556,5.668513931833538
*CCC(COC(=C)C)S(=O)(=O)N(C)Cc1ccc(C(C)(C)C*)nc1,352.5000000000001,3.3649000000000022,59.50000000000001,0,4,11,1,0.6111111111111112,0.5730316567033394,4.562121189145561
*c1ccc(-c2ccc3c(c2)C(C=O)c2cc(ccc2*)OC3=O)cc1,312.32400000000007,2.5662000000000003,43.370000000000005,0,3,2,4,0.047619047619047616,0.4148706772645338,4.942447436980307
*OC(=S)N(CCC)CCCCNC(=O)C=CC=C(*)C(C#N)C(C)C,349.50000000000006,3.145780000000002,65.36,1,4,11,0,0.6111111111111112,0.2686044121346415,4.440028384558844
*N(CCCCC)N(CCCOC)COP(=O)(O)*OCC,311.33900000000006,2.3074000000000003,71.47000000000001,1,6,15,0,1.0,0.21524745546976795,4.751499505029193
*CC(CC)(CN)CC(=O)NCCCCCCCCCCCNC(*)=S,355.59200000000004,3.7501000000000015,67.15,3,3,17,0,0.8947368421052632,0.2745168917776061,3.877249868075327
*CCCCCN(C=O)CCCNC(=O)CNCCCCCCCC(*)=O,353.50700000000023,2.095099999999999,78.51,2,4,20,0,0.8421052631578947,0.2594681644214107,3.5458455974655525
*c1ccc(Oc2ccc(OCCOCCC(C)(C)CCN(*)O)cc2)o1,347.411,3.6038000000000023,64.3,1,6,12,2,0.47368421052631576,0.4674057448268979,3.5890055164938914
*c1ccc(/C=C/c2ccc(OC3=CC(*)C(NCC(=O)O)C3)cc2)cn1,334.37500000000006,2.4736000000000002,71.45,2,4,7,3,0.2,0.8138367103327073,4.416529817024286
*CCCC[N+](C)(C)CNC(=O)NC=CC(=C)CCC(C)CNC(*)=O,337.48800000000006,2.812400000000001,70.23,3,2,13,0,0.6666666666666666,0.20927422559267217,5.002939813130272
*N(C=CN=CC(N)c1ccc(*C#CS(=O)(=O)ONCC)cc1)C(F)CF,385.41600000000005,0.7594000000000003,97.02,2,7,10,1,0.3125,0.2671556794180803,5.978823787461317
*C(C)(C*CC(O)CC(=O)c1ccc(CC(O)[O][Na])cc1)c1ccccc1,363.40900000000005,2.967600000000002,66.76,2,4,11,2,0.38095238095238093,0.36593485875182813,4.718074041530966
*CC(*)(CO[Si](C)(O)O)OCC[N+](C)[Si](C)(C)[Si](C)(C)C,337.641,1.177699999999999,64.82000000000001,2,5,10,0,1.0,0.5875934813010245,5.750953700833388
*CC(*)C(O)CCCCN(N)C(=O)N[Si](C)(C)C[N+](C)(C)C(C)C,345.5840000000002,1.9374000000000005,78.59,3,3,11,0,0.9375,0.13368388919116417,5.374454944634636
*CC(*)COCCOCCOCCOC1=C(C=CC2=CC=CCN2)N=C1,346.427,2.2537000000000003,61.31,1,6,15,2,0.5263157894736842,0.4609727032354865,4.950655517664877
*C(=O)C(C)CCC(=O)NCCCN1N(*)CC[SH]1CCCCCC,343.53700000000015,2.4783,52.650000000000006,2,4,13,1,0.8823529411764706,0.3984179139662779,5.006393040370423
*c1ccc(NC(=O)NCCOCCN(*)CC[PH](C)(C)C)c(NC)c1,354.43500000000006,1.4466000000000003,65.63,3,4,11,1,0.5882352941176471,0.4156787246169472,4.426230572887279
*NC(=O)c1ccc(C#CC2=CC(=CP(=O)(C#C)N*)C(C(F)(F)F)=C2)cc1,374.258,3.467500000000001,58.2,2,2,3,2,0.05555555555555555,0.6293765813834828,4.904645028537487
*NNC(=O)c1ccc(/C=C/C2=C(C=CNC(=O)C=C3C=CC(*)=C3)C=C2)cc1,355.39700000000005,2.824200000000001,70.22999999999999,3,3,7,3,0.0,0.5202982326243171,4.302570018833551
*CC(=CC(N)=CCOCCCCC1=CC(=CCOCCOC)O1)C1(*)C=C1,359.4660000000001,3.6487000000000025,62.94000000000001,1,5,15,2,0.5238095238095238,0.2746731914847056,4.559017603834262
*CC(C(=O)N(*)C(=O)CC)C(=O)N(C)C1=CC(=CCCSCC)C=CC1,362.4950000000001,3.1715000000000018,57.690000000000005,0,4,9,1,0.5263157894736842,0.46689502528155324,5.061886567003954
*OC(SC=CN(CCP(C)(=O)CO)c1ccccc1)[Se]*,378.2919999999999,2.573100000000001,49.769999999999996,1,5,10,1,0.38461538461538464,0.3853839219475227,5.498591626647273
*Cc1cccc(C=C)ccc([Si](*)(C#N)C(=O)OCCOCCOC)cc1,369.49300000000017,2.6491800000000003,68.55000000000001,0,5,10,1,0.3,0.468418116128017,4.544823153957003
*C(=O)CC[CH2][Pb][C](=O)NCC1=CC=*CC2ON1C(C=CC=CC)C=C[Si]2,563.6980000000003,2.1697000000000006,58.64000000000001,1,4,9,2,0.42105263157894735,0.26559703129569173,7.272491211578651
*C#CC#Cc1ccc(C(C)(C)C=C(O*)c2ccc(S(=O)(=O)O)cc2)cc1,364.422,3.5946000000000025,63.60000000000001,1,3,5,2,0.14285714285714285,0.5002329278245783,3.781483468738587
*N=C(C)C[C](*)COCCOCCOCCOCCOc1ccccc1,350.435,2.52839,58.510000000000005,0,6,17,1,0.5789473684210527,0.3191498259684704,3.328238387873524
*CC(*)(C)CC(=O)NC(=O)C=CC=C(C)Br,272.142,2.569700000000001,46.17,1,2,5,0,0.45454545454545453,0.6172457063701453,4.860380841571104
*C#CC#CCOC(=O)SSCSCCSCCC(=O)O*,348.49200000000013,2.839500000000001,52.60000000000001,0,8,10,0,0.5,0.19637279979160016,4.8302846475093375
*/C=C(\C)S(=O)(=O)CCCOC(COC(F)(F)F)C(F)(F)S*,356.33399999999995,2.913800000000001,52.60000000000001,0,5,10,0,0.8,0.44501395262744015,4.977153926031393
*C[N+](C)(C)CCC(C)OC(*)CC(O)C(C)CN(C)N=CC=CC=C,338.516,2.2871000000000006,45.06,1,4,14,0,0.7368421052631579,0.2287159131274159,5.963483609179754
*C1=CC(=Cc2ccc3c(c2)C(C)=CC=C*=C(C#N)CNC(=O)CNC3=O)C=C1,369.4240000000001,2.63058,81.99000000000001,2,3,1,3,0.13043478260869565,0.7983662644114028,4.839965881938092
*[C](C)C(*)C=CCCC(=O)/N=C/C1=CC(=CCCc2ccc(C#N)cc2)C=CO1,371.4600000000001,5.217870000000005,62.45,0,3,9,2,0.25,0.4416197876769285,4.799414569720898
*CCN(NC(=O)C(C)CCC(=O)O*=C(C)CCC(F)C(F)(F)F)OC,372.359,2.681000000000001,67.87,1,5,12,0,0.8,0.42143885878344084,5.41177099274997
*SCS(=O)(=O)C(C=N)C=CC(C=C)=CC=COC#C[Si](*)(C)C,353.54100000000017,3.027770000000001,67.22,1,5,9,0,0.26666666666666666,0.22741912029882594,6.098020730678608
*CC(C=CCCN(CCOC(=O)C(F)(F)CC)C(C)C)CC(=O)O*,347.4020000000001,3.213000000000002,55.84,0,5,13,0,0.7647058823529411,0.37818817829682183,4.639683730951581
*CC#CCOC1=Cc2cc(c(C)cc2*)CCOCCOCCOCC1=O,356.4180000000001,1.67312,53.99,0,5,2,2,0.47619047619047616,0.7548626879462828,5.292787160578478
*c1ccc(S(=O)(=O)Cc2ccc(Oc3ccc(C=*)nc3)cc2O)cc1,352.391,2.4276,76.49000000000001,1,5,6,3,0.05263157894736842,0.7372652969904343,3.440889929449357
*Nc1ccc(CSC(=O)CCCCCCCC(=O)N(*)C=O)cc1,334.441,3.502600000000002,66.48,1,5,12,1,0.47058823529411764,0.46795723449494236,3.4646903570557637
*CC(*)C(=O)OCCON(C)C(=O)CC1C(F)=CC(Cl)C1OC,335.75899999999996,1.7207000000000001,65.07000000000001,0,5,9,1,0.7142857142857143,0.2777152650170929,5.579801608070659
*N(C(=O)C1=CC1CCC)C(N[PH](=O)C(=*)OCC)c1ccccc1,333.348,3.071900000000001,58.64,1,3,10,2,0.4117647058823529,0.5280049553526114,5.162077444904993
*NC(C)(NCC(F)(F)C(F)(F)C(F)(F)C(F)(F)C(*)=O)C(=O)CCC,370.2400000000002,2.3324,58.199999999999996,2,4,11,0,0.8333333333333334,0.4330905490700461,4.69509289692148
*CCCCCC[SH](C)(=O)C(=CCN(C)CCC(=O)N*)OCC#C,342.5050000000001,1.5545,58.64,2,4,14,0,0.7058823529411765,0.21764695753900462,4.956300557443611
*CCCCCCSCCN(CC)C(=O)NCCCN(*)CCO,331.5260000000001,2.427800000000001,55.81,2,4,16,0,0.9375,0.42658002357530317,3.7451556512919693
*N1*Cc2ccccc2C=CCC[SH](=O)(C(=O)Oc2ccccc2)C1=O,356.42300000000006,3.7055000000000025,63.68,1,4,1,3,0.15789473684210525,0.6249572847761183,4.614644417372764
*CC(*)(C)C(=O)CC(Cl)=CC=C1CN(CCN(C)C)SCC1O,344.908,2.5765000000000016,43.78,1,5,8,1,0.6875,0.6855148631292038,5.605241320140321
*SC(=O)C=CC=C1CN(CCCCC(=O)NC2CCCC2CC*C)C1=O,377.5300000000002,3.432000000000002,66.48,1,4,11,2,0.65,0.3402689607897638,4.814912339415691
*OC(=O)c1ccc(OCC(=O)OCCSC(=C)C=CN(*)CC)cc1,349.408,2.7765000000000013,65.07,0,7,11,1,0.29411764705882354,0.3456577556523627,3.76472948946366
*C#Cc1ccc(S(=N)(=O)c2ccc(-c3cccc(C(=O)O*)c3)cc2)cc1,359.4060000000001,4.2977700000000025,67.22,1,4,4,3,0.0,0.7064519537939246,3.766798638951057
*CC[PH](C)(CC)OCC(O)COC[Si](C)(C)OC(N=S)O*,357.485,1.9185999999999996,69.51,1,7,14,0,1.0,0.2909586198210064,6.453847134489835
*CCN(OCCOc1ccc(*)cc1)C(C=C)=CC=COC[Si](C)(O)O,363.4860000000001,1.6372,71.39,2,6,13,1,0.3333333333333333,0.18251247495727582,4.765062577222636
*/C=C/C=N/[Si](C)(C)c1cccc(S(=O)(=O)c2ccc(*)nc2)c1,328.46900000000005,1.6349,59.39,0,4,5,2,0.125,0.6190901315450781,4.312150985808199
*[C]=CC(=CC=COCC(C)OC)Nc1ccc(OCC(O)C*)cc1,330.4040000000001,3.1210900000000015,59.95,2,5,12,1,0.3684210526315789,0.4554018472769965,4.760993376398998
*=C1C(NCCCCC)C(OC)OCCO*N1CCOCCCCOC[CH2],373.51400000000024,1.6977900000000006,61.42,1,7,15,1,0.8947368421052632,0.4384577555752654,5.268781391347709
*c1ccc(OC(=O)c2ccc(OCN(*)C(=O)CCCCC=C)cc2)cc1,351.4020000000001,3.456000000000002,55.84,0,4,10,2,0.23809523809523808,0.21625409359741662,3.2970359769898288
*CCOCCCCCN(*)C(=O)CCCOCCC(=O)c1ccccc1,347.455,3.503600000000003,55.839999999999996,0,4,16,1,0.6,0.33915863332707114,3.240005282517343
*[N]c1ccc(N(CC)COC=C2C=CC(OCc3ccc(*)cc3)=C2)nc1,346.41,3.311200000000002,48.690000000000005,0,4,9,3,0.19047619047619047,0.516238246046254,4.191286177141295
*[Se]c1cc(-c2ccccc2)ccc1C1=CC=C(C(*)=O)C=COC1=O,379.27300000000014,2.603600000000001,43.370000000000005,0,3,4,3,0.0,0.6060670678630928,3.9110138969480683
*c1cc(C)c(*O[Si](C)(C)[O][Ge]([CH3])([CH3])[C]#N)cc1C,323.0040000000001,2.1062199999999995,42.25,0,3,5,1,0.46153846153846156,0.7796713074539154,5.437210765805638
*C(=O)C1=C(C)C1(C=CC)C(=O)NCC=C1C=CC(CC=Nc2ccc(*)cc2)=C1,370.45200000000006,3.4609000000000023,58.53,1,3,8,3,0.20833333333333334,0.5627233063268313,5.231444686075132
*Cc1ccc(N(CCCC)NC(=O)COC2CCC(C(*)=O)CC2C)o1,348.4430000000001,2.863900000000001,71.78,1,5,10,2,0.6842105263157895,0.6584144262250939,4.878008411369047
*c1ccc(NC(=O)N(*)C(=O)CCCCCCN(C)c2ccccc2)o1,341.411,3.3659000000000026,65.79,1,4,9,2,0.3684210526315789,0.7103363245439168,3.4717522776274947
*CC(*)C(=O)c1ccccc1C(=O)C(C(=[N+])C(C)C)c1ccc(CCl)cc1,366.86800000000005,4.777100000000004,56.44,0,2,9,2,0.3181818181818182,0.36413108271259564,4.468759646339281
*C(=O)CCCCCC(=O)NC(=O)N(Cc1ccccc1)c1ccc(*)cc1,350.41800000000006,3.1304000000000016,66.48,1,3,9,2,0.2857142857142857,0.7067142880433014,3.1483756069800926
*C(C(CCCCOC)COCC(O)[CH2][Na])C([O-])(F)C(F)(F)C(*)(F)F,371.298,1.5248999999999997,61.75,1,4,14,0,1.0,0.2858201952407538,5.541052939784256
*CCC(CCCC)NC(=O)C(Cc1ccc(N)cc1)N(CC=C)C(*)OC,359.5140000000001,3.1799000000000017,67.59,2,4,14,1,0.5714285714285714,0.3040903499825299,4.518836463724158
*C(*)[Si](C#N)N=COCCOC(C)COc1ccc([Si](C)(C)C)cc1C,375.59700000000015,2.807100000000001,63.84,0,5,11,1,0.5555555555555556,0.25815651988786076,4.742057483758434
*C1(*)C(N)=CNC1=COCCCCCCC(=O)OCN1CC1,293.36699999999996,1.2292999999999998,76.59,2,6,10,2,0.6666666666666666,0.27297090531731977,4.008819099896911
*CC(C=CC(C)=O)(Cc1ccc(*)cc1)N=CC=CC(OC)C(=O)OC,341.40700000000015,2.0703,64.96,0,5,10,1,0.35,0.3712050611365438,5.275232314526785
*Oc1ccc2c(c1*)Oc1cccc(c1S(=O)(=O)NCCCC(C)C)CC2,373.4740000000003,3.309700000000002,64.63,1,4,7,3,0.4,0.756493944804157,4.230855909185746
*O[Si](*)(C)[Si](O)CO[Si](C)(C)CCCCOCCOCS,355.6570000000001,1.6123999999999998,57.150000000000006,2,6,14,0,1.0,0.21454668500743668,5.102487966567653
*/C=C/C12*C(S1)C(CCCCCC)n1cccc(o[nH]1)NC2=O,320.438,3.9144000000000014,62.96,2,3,6,4,0.5625,0.781058689799585,7.167340529539143
*CCC(O)c1ccc(NC#CCCCN(*)C2=CC(=CN(C)N)C2)c(C)c1,352.4820000000001,3.282420000000001,64.76,3,5,9,2,0.42857142857142855,0.20924645769353917,4.9975679582393635
*Oc1ccc2c(n1)CCC(*)(C)CC(=O)NCCCNCNC=CC=C(C)C2,370.49700000000007,2.6344000000000003,75.28,3,5,1,2,0.5238095238095238,0.7085726609598458,5.175333539907784
*SC(CCOC(=O)N(Oc1ccc(*)nc1)PCCC)c1ccccc1,376.4180000000002,4.321000000000003,51.66,0,5,10,2,0.3333333333333333,0.4565446418952077,4.918303643198113
*[C]1C=CC(/C=C/C(=O)Nc2ccccc2C(*)=O)=CC=C1OCCN,321.35600000000017,2.30749,81.42,2,4,7,2,0.10526315789473684,0.7551632969395066,3.846353409379361
*Oc1ccc2cc1N=CC([Si](*)(C)C#N)=CC=C[Si](C)(C)OCO2,342.50300000000016,3.551980000000002,63.84,0,5,2,2,0.25,0.7710747401658267,6.697508881205795
*c1ccc(NC(=O)C=C2C=CC(CCCOCCc3cnc(*)o3)=C2)cc1,348.402,2.4244000000000003,64.36,1,4,9,3,0.23809523809523808,0.5583391503744306,3.9965972882524072
*C1=CC=CC=C2C(=C1*)CCCCOc1ncccc1COCCOCC2O,367.44500000000016,3.2712000000000017,60.81,1,5,0,3,0.4090909090909091,0.7625727148901063,4.9498424919313715
*Sc1ccc(COC2NC(=O)C=C(*)N=CC(=C)c3ccccc32)cc1,348.427,4.062900000000003,50.69,1,4,4,3,0.1,0.9062991044443337,4.883006429351064
*C[C](*)COC(=O)O[Si](Br)=C(F)C(=C)Br,345.014,2.661290000000001,35.53,0,3,5,0,0.2857142857142857,0.4367249600880596,5.635122584166343
*CC(COCCCC)[SH](=O)CC=CC=CC(C(=O)O*)C(F)(F)F,355.398,2.918700000000001,52.60000000000001,1,4,12,0,0.6666666666666666,0.3322462831120337,5.717043600747852
*Cc1ccc(S(=O)(=O)[N+](C)(C)C(C)(C)OC(=O)N(*)CC)cc1,327.42600000000004,2.1599000000000004,63.68000000000001,0,4,6,1,0.5333333333333333,0.5931811871538304,4.235043473965204
*CCCc1ccc(C=CC(=O)N2CCCCONCCN(*)CC2)cc1,343.4710000000001,2.5099,44.81,1,4,5,2,0.55,0.8346355785752745,4.074202405538445
*NC[N+](=CC=COC)c1ccc(OCCN(*)c2ccc(O)cc2)cc1C,354.43000000000006,2.9366200000000013,56.97,2,5,10,2,0.25,0.29734398745000695,4.0501019945166075
*N=P(*)(OCCCCOCCOCCCC)OCCOCCOC,353.3960000000002,3.2559000000000022,67.74000000000001,0,7,19,0,1.0,0.26225627646496785,3.925640764300768
*c1ccc([Si](C)(C)C=C2C=CC(n3ccn4c(*)ccc4c3=O)C=C2)nc1,357.4890000000001,1.5935000000000001,39.3,0,2,3,4,0.14285714285714285,0.6680809607301536,4.842110757905116
*c1ccc(SNC(=O)c2ccc(C(=O)Nc3cccc(*)c3)cc2)cc1,346.41100000000006,2.725200000000001,58.2,2,3,5,3,0.0,0.6986045570285714,3.3339577300697893
*C(=S)CNCC(CC#N)C(=O)C=C1C=CC(C(=O)c2ccc(*)s2)=C1,354.4560000000001,2.09328,69.96000000000001,1,6,9,2,0.2222222222222222,0.41772133084277907,4.963549868075328
*C1=CC(O)=CC(CCOC2=CC=C/C(=N/COC)C2)C(*C)=C1SN,347.4600000000001,3.7383000000000024,77.07,2,6,8,2,0.3888888888888889,0.6541781930577465,5.649691464492609
*=C(C)C#CC(C#N)(C=CC=CC(OC)OC#N)[Si](C)(C)C[Si](C)(C)*=C,371.60900000000015,3.5476600000000023,66.03999999999999,0,4,9,0,0.47368421052631576,0.2043353262670614,6.1306106460544125
*=NCC(=O)OCC(S)CCCCSCCOCCOCCC*[CH],363.5450000000002,3.059590000000002,57.120000000000005,1,7,19,0,0.875,0.21711285961794152,4.691416928981159
*C*CCOC(=O)C(=S)/C=C/CCNC1=CC=C(OC)N=CO1,323.39400000000006,2.2515,69.15,1,7,11,1,0.4,0.27214953025330196,5.150691401275086
*N1C([2H])=C(S(*)(=O)=O)C=CC(c2ccc(Br)cc2)=CC1CC,353.2591017780001,3.6677000000000026,37.38,0,3,3,2,0.2,0.8322162579975455,4.668252025034632
*CC(=O)SN=C=CC1=C(CC(=O)N(*)Cc2cccnc2CCl)C=C1,359.8380000000001,3.238100000000002,62.63,0,5,8,2,0.23529411764705882,0.40587400247291516,4.838955727609077
*[CH]CCNC(=O)N1C(=O)N1CCCCCCCCCSCCC(*)=O,354.49600000000004,3.3796900000000027,69.25999999999999,1,4,16,1,0.7647058823529411,0.34070531223640027,3.9449076770295193
*C(*N(CC)CCOC(=O)C(F)C([O])=O)OCC1=CC=C(C(C)CC)CC1,369.43300000000016,2.6889000000000003,75.74,0,5,13,1,0.6842105263157895,0.3685060384697195,5.465958625772635
*NNC(=O)c1ccccc1ON(CCC)CCOCCCCN(C)*CC,365.49800000000016,2.557900000000001,66.07,2,6,16,1,0.631578947368421,0.34667929224697797,3.8974647988009306
*NC(=O)CCCCCCCCC(=O)C(CC(C)=*CF)CC(F)(F)F,353.4,4.419800000000004,46.17,1,2,14,0,0.8235294117647058,0.3711165467008975,4.378292340602799
*C1=CC=C2OC(=O)C=CC=C(S(=O)(=O)c3ccc(*)cc3)C=C[SH]12,344.413,2.3924000000000007,60.440000000000005,1,4,2,3,0.0,0.6610280306533153,5.70472704834503
CCCCSC1=CC=C(C=NCCNCCOCC*[C]=O)*CC(OC)=C1,379.54600000000016,3.582200000000003,59.92,1,6,16,1,0.6,0.3280422688780889,4.795619510474628
*C#CC1=CCC(C#N)=CC=C1CC#CC#CC1=C(C=C[Si](O*)OC(C)C)C=C1,380.4990000000001,3.955880000000003,42.25,0,3,6,2,0.20833333333333334,0.5174583536337239,5.5885744852268795
*S(=O)(=O)c1ccc(C(=O)OCCC)c(SC2CC*N3CCC3C2)c1,368.50000000000017,3.238500000000002,63.68,0,6,6,3,0.5882352941176471,0.7184715241333266,4.669567032879504
*CC(C)OCCON(C)CC(=O)OCC(C)C=CCC(*)C(F)(F)Cl,369.836,3.5175000000000027,48.0,0,5,14,0,0.8125,0.15406787990833007,5.359815564412746
*CCCCCCCCN(C(=O)CCNC(=O)N(*)CC(C)C)C(F)(F)F,365.44,4.165000000000004,52.650000000000006,1,2,13,0,0.8823529411764706,0.3934499010052908,3.750024038761099
*C(CC(O)COC=CC=C(C)[N+](C)(C)CC(C#N)N*C=C)C(C)C,335.4920000000001,2.8669800000000016,65.28,2,4,13,0,0.631578947368421,0.30851995222915085,5.978873089496358
*C([CH2])C(=O)OCCCCN(C)*CCCC=C1C=C(C=O)C(CO)=C1,333.42800000000005,2.5959900000000005,66.84,1,5,13,1,0.5263157894736842,0.3187267025927278,5.111236406536865
*CC(=O)SC1=C2C=CC1CCCN(S(=O)c1ccc(*)cc1)C2O,347.461,1.9655,57.61,1,4,4,3,0.35294117647058826,0.9046457625595141,6.2302002142206065
*CC(C)(C(=O)Br)C(=O)NC(C)C(*)(OC([2H])=O)C(F)F,329.115101778,1.0701999999999998,72.47,1,4,7,0,0.7,0.43082595721091566,6.018717809608164
*C1=NCCC([P](*)(CO)CCO)C=CCOCC1COCCCC,344.4120000000002,2.1361999999999997,71.28000000000002,2,5,9,1,0.8235294117647058,0.3818634382642227,5.9148305588248276
*CCN(CCOC(=O)Cc1ccc(C(=O)O*)cc1)c1ccc(C)cc1,339.3910000000001,3.176020000000001,55.84,0,5,9,2,0.3,0.6569094967681044,3.0408162452388314
*CCOCCOCCOC(=O)CCSC(=O)/C(=C/N(CC)CC)C*,359.48800000000017,2.3735999999999997,65.07000000000001,0,7,16,0,0.7647058823529411,0.23806815193357478,4.073942951002122
*/C(C)=C(\C)C(=NOCc1ccc(C(=O)c2ccccc2)cc1*)C(C)=O,333.3870000000001,3.397000000000002,55.73,0,4,7,2,0.19047619047619047,0.4432234560864506,3.496812240424301
*[Se]c1cc(OC)c(/N=C/C2=C3C=C(*)[SH]3C=C2OC)cc1OC,380.3270000000001,2.3609,40.05,1,4,6,3,0.1875,0.4680557375029842,5.306522556884119
*C1([C])/C=N/N=C2\OCC1C[Si]2*C([CH2])COCCOCCOC,322.43700000000007,1.24468,61.640000000000015,0,6,10,3,0.7333333333333333,0.44844506928141253,6.642578330191707
*CC(*)(CC[N+](C)(C)CC[N+](C)(C)C)C(=O)OCCOCCOCC,346.51200000000017,1.4310000000000018,44.760000000000005,0,4,15,0,0.9444444444444444,0.2556265283296563,4.5149359048646245
*NC(=S)CNCC(=O)OCc1ccc(CCCN(*)C(C)CC)cc1,349.50000000000006,2.1980999999999993,53.6,2,5,12,1,0.5555555555555556,0.44566838946877724,3.915738329613789
*OC(I)=*C(C[O])C1C=CC(=O)CC(C#N)=C1,330.1010000000001,1.8888800000000001,69.99000000000001,0,3,4,1,0.36363636363636365,0.7393144384749459,6.144855530643001
*OC(*)C1=C(S(=O)(=O)Cc2ccccc2)CC(CO)SC1=C,324.42300000000006,2.2233,63.60000000000001,1,5,6,2,0.3333333333333333,0.8691547114388752,4.769988982805454
*c1ccc(CCCCCPC2C=CNC2=CNS(*)(=O)=O)c(C)c1,350.42400000000015,2.2715200000000006,58.199999999999996,2,3,9,2,0.4117647058823529,0.5305910876719918,5.319309237217054
*CC(*)(C)C(=O)OCCC=C1N=C(C(O)C(F)C(F)(F)F)CC=CC1O,365.32300000000004,2.522200000000001,79.12,2,5,7,1,0.625,0.3145154806819315,5.759318448881826
*CC(*)(COCCC(=O)COC(=O)OCCOCC)CC(C)(C)C(C)C,358.47500000000014,3.8998000000000035,71.06,0,6,15,0,0.8947368421052632,0.3265229891892722,4.2960463404496885
*C1=CC=C(C2=CC=CC(=O)NC(=O)N3CNC(C3)C(*)=[SH]2)C1,301.371,0.8155999999999999,61.440000000000005,3,3,1,3,0.26666666666666666,0.4961864892762699,6.758528717205456
*CC(O)C=CCC1CB(C)CC(C(=O)N=Nc2ccc(O*)cc2)C1,326.2050000000001,4.175500000000003,71.25,1,4,7,2,0.5,0.46413523426995446,5.517741216128511
*C1=CC2=CCN(C(=O)CCOc3ccccc3NCCCC)CN2C(*)=C1,351.45000000000016,3.4906000000000024,44.81,1,4,8,3,0.38095238095238093,0.7283991546774148,3.6789798523549706
*CCC1C2=CC3C(=O)C=CC=C(O*)C=CN3CCC(=C2)CC(=O)N1C,338.4070000000001,2.5193000000000003,49.85,0,4,3,3,0.4,0.7933740612976137,6.721319066070129
C*C(=O)C(CCCC(C)N)=C1C=CC(C(=O)NC2CCCN(*C)C2)=C1,345.4870000000002,2.5851000000000006,75.42999999999999,2,4,9,2,0.6,0.6299248799163827,5.039260622219092
*c1cc(C(=O)C(C)(O)CC(F)(F)C(F)(F)C(F)F)cc(*)c1ON,343.223,1.1477999999999997,72.55,2,4,7,1,0.46153846153846156,0.44258560900578353,4.969402658744352
*[PH](N=NCC(=O)*[O])C(C)C(C)CSCC[O-],264.287,1.1072999999999995,84.75,0,5,10,0,0.8888888888888888,0.33630026831522686,6.642172529369093
*[C]SC(=CCOCCCCCC)ON(N=N)c1ccc(CCO)cc1*,363.4830000000001,3.7970600000000028,78.14,2,6,15,1,0.5,0.2144577116156695,4.370542561028305
*NC(C)(C)CCN(N)C(CNC(=O)NCCCC)c1ccc(*)cc1,333.48,1.3999000000000013,82.42,4,4,11,1,0.6111111111111112,0.28023400015081235,4.272029851823973
*c1ccc(CS(=O)(=O)CCCC2=CC=CC=CCC2=CC(O)=CC=*)cc1,367.49000000000007,3.7185000000000024,54.370000000000005,1,3,8,2,0.22727272727272727,0.712674247509281,4.291054866960619
*c1ccc(C2=CC=C*(C(=O)N(CC)CCON(C=COC)C=COC)O2)cc1,386.4480000000001,3.192400000000002,60.47000000000001,0,6,11,2,0.2857142857142857,0.4299985345226972,4.965551317806064
*CCC(C=C)(C[NH+])CSSCNC(=O)c1ccc(C(=O)O*)cc1,351.4730000000001,1.72,79.2,1,5,11,1,0.375,0.2841738096395132,4.895686079671252
*CC(C)(C)CN(C)C(C)C(=O)N(CCCSO*)CC(O)NCC,347.5250000000001,1.5762,65.04,2,6,14,0,0.9375,0.2825129973293011,5.008550595858413
*NC(=C[2H])ONCC(*)=C(C(C#N)=CC)c1ccc(I)cc1,380.20710177800004,3.0677800000000017,57.08,2,4,7,1,0.13333333333333333,0.25107709946556706,4.801359553193614
*OC(=O)S(=O)(=S)c1ccc(CC(=O)N2*C=CC(F)=CC2)cc1,340.37700000000007,2.1445,63.68000000000001,0,5,3,2,0.14285714285714285,0.8435242398181741,4.815143567217069
*C1=CCC(N(CC)C(=O)C(O)Cc2ccc(-c3ccc(*)cn3)cc2)C=C1,346.43000000000006,2.4368,53.43000000000001,1,3,6,3,0.2727272727272727,0.8740274533179584,4.547718376416665
*OC1CC(C(=O)NC(F)=C(CC)C(=O)N(*)CC)=CC=C[SH]1([2H])=O,331.38710177799993,0.8706,75.71000000000001,1,4,6,1,0.42857142857142855,0.5787782209780844,5.963771090312784
*[C]1C=CC(NC(=*)S)=[SH]=NN2C1=COC2CCCOCCOCCC,370.52000000000027,1.56009,55.32000000000001,3,7,10,2,0.5625,0.3095680481397658,5.36962050217096
*NC(O)(CC)COC(=O)C(S)CSCCSCCC*C,340.55600000000015,2.3884,58.559999999999995,3,7,14,0,0.9230769230769231,0.19533662720380363,5.525475863721674
*/N=N/c1ccc([CH]=[Sn]([CH3])[C](*)=C(B)C(=O)OC)cc1,346.7710000000001,1.1973999999999996,51.019999999999996,0,4,4,1,0.16666666666666666,0.3558671287933769,4.766772205647848
*/C=N/C1=CC(OC(C)C)=COC(*)([C])C1CCCOCCOCCOC,350.4350000000002,2.6541900000000007,58.510000000000005,0,6,13,1,0.6842105263157895,0.37749203069844517,5.127848314526784
*[CH]C=C(/C=C/*)c1ccccc1C(=O)OCC(=O)c1ccccc1C=CN,344.39,3.8131900000000023,69.39,1,4,8,2,0.045454545454545456,0.4490100404387818,3.6375567170093044
*c1ccc(CCCCCCCOC(=O)CCC2=CC=*CC(CN)=[N+][C]2)cc1,366.5050000000001,2.6973900000000004,66.42,1,4,12,2,0.4782608695652174,0.4568125119318863,4.459793492949796
*CC(F)(F)C(F)C(=O)NC(F)C1=C2C=CCC=CC(=CC(*)=O)C=NC2=C1,366.3140000000001,3.1225000000000014,58.53,1,3,6,2,0.2777777777777778,0.44611946194961777,6.11428174559872
*CC#COCCOC1=C(C(=O)/C=C/C2=C(C=C/C=C/C(=O)N*)C=C2)C=C1,347.37000000000006,2.456600000000001,64.63,1,4,10,2,0.14285714285714285,0.2853372011082703,4.95637062158574
*C(=O)CCCC[Si](C)(C)O[Si](C)(C)O*OC(=O)[Si](C)(C)CC,363.65500000000014,4.534300000000004,61.830000000000005,0,5,12,0,0.8571428571428571,0.37626824188306957,4.719109478927983
*C1=CC=CN(SC)CC2C=*C(=C(C)C=C2)OCC(=O)C1C(=O)[O][Na],355.39100000000013,1.6602,55.84,0,6,2,2,0.35294117647058826,0.42662210591308286,7.262979881145162
*OC(=O)NC=CC=C1CC(CNC(=*)CCCC(C)CC)C=CC1=C[O][Na],367.44500000000005,3.6623000000000028,59.59,2,4,11,1,0.5,0.4321698247254137,5.650494962440183
*C(=O)*C(C)(C)c1ccc(CC[N+](=O)c2ccc(F)c(C#N)c2)cc1[NH],338.362,4.254280000000003,84.74,0,3,7,2,0.2631578947368421,0.7071513961158815,4.125082547717895
*C#CC#CC(=O)NCCCC(=O)CCCCCCCCC(=O)S*,333.45300000000003,2.8104000000000005,63.24,1,4,13,0,0.6111111111111112,0.4157446659756187,3.8203960713414773
*NC1=C(C=C)C(SC(=O)NC(=O)C2=CC=CCCN(*)C2)C=CC=C1,341.4360000000001,2.5970000000000004,61.440000000000005,2,5,4,2,0.2222222222222222,0.8229681922829675,5.341485563544241
*N(CC)C1OC*C(C)OCCOC(=O)C(C)CCCCCC1(C)C=O,356.4830000000002,2.8690000000000007,65.07,0,6,3,1,0.8947368421052632,0.5722064090984444,5.772261096973157
*CC(O)C(=O)Nc1ccc(CCN(*)c2ccc(OCCC)cc2)cc1,340.42300000000006,3.2558000000000016,61.8,2,4,10,2,0.35,0.696844569466422,3.466231664336328
*C1=CC(C(C)(C)CC=C2C=C(OC(=O)COO)N2C)C=C(*)C(CN(C)C)=C1,372.46500000000015,3.0904000000000016,62.24000000000001,1,6,8,2,0.47619047619047616,0.4013381841868806,5.359124205458335
*CC(CC#COC[Si](C)(C)NO*)COC(=O)NCCCN(C)CP,375.48200000000014,1.5483000000000002,72.05999999999999,2,6,13,0,0.8,0.16731912111117478,5.529268019833897
*O[Se]N(CCCC)C(=O)C=CC=C(C=C)C(=O)CCCC(*)=O,370.30700000000024,2.1141,63.68,0,4,13,0,0.4375,0.2830480016038362,4.6965750525107275
*/C=C(\C=O)C(F)(F)C(F)(F)C(F)(F)CN(C)C(=O)C(C)N(*)C=O,346.22700000000003,1.294,57.690000000000005,0,3,9,0,0.5833333333333334,0.359202151258492,5.035710634639425
*CC(O)C(=O)CCC(C)C(*)C=C1C=CC(=O)C2=C1C(C)C2=O,300.35400000000004,2.2188,71.44,1,4,7,2,0.5,0.7317956490334234,5.48553958883989
*CC(*)(C)C(=O)OCCC[N+](C)(C)CC(=O)CC(C)(C)CCC(=O)CC,354.51100000000014,3.436300000000002,60.440000000000005,0,4,14,0,0.85,0.2723163830691938,4.5176343074826555
*c1ccc2c(c1)C=CC=Cc1ncc(s1)*N=NC(=CC=CC#N)O2,331.38000000000005,3.435380000000002,70.63,0,6,1,3,0.0,0.7516309515589015,6.233449034529272
*C(=O)c1ccc(C(=O)Oc2ccc(C(=O)c3ccc(*)cc3)cc2)cc1,328.323,3.0009000000000015,60.440000000000005,0,4,5,3,0.0,0.41030285082128604,2.837153897060693
*c1cnc2c(c1)/C=C/C(=O)SC(=C=CC=CC1=CC=C=CNC1=*)/C=N/2,342.403,2.717900000000001,54.35,1,5,2,3,0.0,0.6632120042270907,6.111118973585783
*CCN(*)C1CCC1COCCOCCCC(=O)OCCC(C)(C)O,343.4640000000001,2.0165,68.23,1,6,15,1,0.9444444444444444,0.36236276245790006,4.462849303690886
*C(=O)CCCCCS(=O)(=O)CCCSCCNC1=CC=C(*)C1,343.51400000000007,2.4712000000000005,63.24,1,5,14,1,0.6875,0.4909772055254781,4.1000759727615455
*O[Si](*)(C)CC(C)(C)OCCOCCOCCCNc1ccnnc1,355.51099999999997,2.2092,74.73,1,7,15,1,0.75,0.3817633631084434,4.283313171552672
*CCCSCCCOCCOCCN(OCC=C)C(=O)N(C)CC*,360.52000000000015,2.9396000000000013,51.24,0,5,18,0,0.8235294117647058,0.2136643872917399,4.213578066913608
*C(=O)C=CC=C(C=C)[Si][SH](*)(=O)C=C(C)Oc1ccccc1,316.454,2.728900000000001,43.370000000000005,1,3,8,1,0.0625,0.26360006987689943,4.723647465281525
*CC(C(*)C)C(C)(O)NCCCC#CCOCc1ccc(Br)cc1,380.3259999999999,3.9889000000000028,41.489999999999995,2,3,10,1,0.5789473684210527,0.36647456308123766,4.7063724281825845
*C(*)(C)[SH](C)(=O)C(=C[2H])CC(C)=CNC(=O)OCC(F)(F)F,314.34710177799997,2.5013000000000005,55.400000000000006,2,3,6,0,0.5833333333333334,0.7407525717166583,5.235665767668793
*O[Si](*)(C)N(C)CCOC(=O)NCCCCN(CC)O[Si](C)(C)C,363.60700000000014,2.111899999999999,63.27000000000001,1,6,13,0,0.9285714285714286,0.3071391297425769,4.580601160242854
*CS(=O)(=O)SCN(CC)SCCCCCCC(=O)N(*)C,340.53600000000006,2.357,57.690000000000005,0,6,13,0,0.9166666666666666,0.22197601258849017,4.392040175961202
Cc1ccc(CC(=O)*C(CO)NC(=O)c2ccccc2*C=CCl)cc1,357.8370000000001,2.31782,66.4,2,3,9,2,0.2,0.7234416209961964,4.333773364741186
*C1=CCC(*)=C(C=CC=C(Br)C(=O)OC(C)OC)C=NC1,338.2010000000001,3.068100000000001,47.89,0,4,5,1,0.3333333333333333,0.33500701026342733,5.435257197336885
*[C]=N[N+](Br)C(*)=COCCOCCCCCCCCC,332.26200000000017,3.9380000000000033,36.72,0,4,14,0,0.7857142857142857,0.15882076524329658,4.117698900745077
*C[PH](=O)C(OCCN(CC)C(=O)OCC)C(*)=C(C)c1ccccc1,351.38300000000004,3.8545000000000034,55.84,0,4,10,1,0.5,0.6008869864469786,4.522535625467699
*CN(*)[Si](C[N+](C)(C)C)c1ccc(-n2on2-c2ccc(C#N)cc2)cc1,351.48600000000005,1.4496799999999994,50.03,0,3,7,3,0.2777777777777778,0.47816934690893326,4.500108115684176
*OC1C(OCOC2=CC=CC2c2ccccc2[SH](=O)[O-])C1(*)OCC,350.39200000000017,1.6987,77.05000000000001,1,6,9,3,0.4117647058823529,0.5395438624034853,5.939978006854712
*CCCCCC(=O)CCCS(=O)(=O)CCCCC(=O)C1CCC(*)C1,356.5280000000002,4.155800000000004,68.28,0,4,15,1,0.8947368421052632,0.4132593857521686,4.3883666113831925
*CC(*)C(=O)OCCCC(C)N(C)N(F)C=O,232.255,1.1934,49.85,0,4,9,0,0.8,0.19691230679347246,5.3173806984842775
*N=C(CC=CC=C1C=CC(=O)C=C1)NNC(=S)N*,260.322,0.8500000000000001,65.52,3,3,3,1,0.08333333333333333,0.30376121175171444,4.598905081105723
*OC(=O)CN(C)C(=O)Sc1ccc(CC2=CC=CC(=O)*C2)c(C)c1,344.4120000000001,3.2150200000000018,63.68,0,5,5,2,0.2777777777777778,0.7675923598199537,4.229052566386738
*Cc1ccc(NC(C)N2COCN(C(=O)c3ccc(C(*)=O)cc3)C2)cc1,351.4060000000001,2.530400000000001,61.88,1,5,6,3,0.3,0.8665304056750726,4.048084130674525
*CCOC/C=C\C=CC1=CN1CCCONOC=CC=C(C)*S[NH],351.472,3.4315000000000015,66.53,1,6,16,1,0.4117647058823529,0.15105722272170394,5.3690830279252
*CCN(CCOCCOCCOC=C)C1(O)C=C(*)C1=COCCCCOC,383.48500000000024,1.9117999999999995,69.62,1,7,19,1,0.7,0.20755365619791566,4.7694494183317655
*N(C)C(CCCC*C(C=O)S(=O)(=O)CCC)N(CC)C(=O)CCC,361.5280000000002,2.3806000000000003,74.76,0,5,15,0,0.8823529411764706,0.25426916939637195,4.941333166567139
*C(=S)NC(=O)C1CN(*)C(C)(CC)C(C)(C)CSC(=O)CC1CCC,370.5840000000001,3.594000000000002,49.410000000000004,1,5,4,1,0.8333333333333334,0.7664777817234585,5.804665851543004
*CC(OC[N+](=O)[O-])C1=CC(I)C(I)=C1O*,434.95500000000004,2.4445000000000006,61.60000000000001,0,4,6,1,0.5,0.21167631390672437,6.2809298576062425
*CCNC1=CC(=Cc2ccc(OCCOCNC(*)([N])CO)cc2)C=C1,341.411,1.2874999999999996,85.05,3,5,12,2,0.3684210526315789,0.393983454299386,4.492616645144993
*CCOCOCCCN(C)C(*)=CC=C(C)N1CC=C(O)C=C(C)C1,334.4600000000001,3.2649000000000017,45.17,1,5,11,1,0.5789473684210527,0.3568839228622525,4.563860258694429
*C(=O)C(C)CSC(=O)C(C=C)=CC=CC(=O)CCCNCCN(*)CC,364.5110000000002,2.3519000000000005,66.48,1,6,15,0,0.5263157894736842,0.2733223720808243,4.79623577669837
*[C](OC(*)C=O)O[Si](C)(C)C(C)Oc1ccc(Br)cc1,344.257,3.064490000000001,44.760000000000005,0,4,8,1,0.38461538461538464,0.5370884691429162,4.738641456637416
*C[SH]1C=CC(=O)N(C(=O)C=CC=C(*)C=C)C1,235.308,1.5098,37.38,1,2,4,1,0.16666666666666666,0.45543573606998117,5.893726660176579
*CCOCCOCOC(C)COC(C)(C)N(C)CCSC(=O)O*,351.46500000000015,2.3684000000000003,66.46000000000001,0,8,15,0,0.9333333333333333,0.32902739159647726,4.896092994878807
*c1c(Br)ccc(OCC#COCCCOCC=O)c1N=CC*O,383.2180000000001,1.6985,77.35000000000001,1,6,11,1,0.375,0.2724867458931191,4.661485255678267
*C1=CC=C(C(Nc2ccc(*)[n+](=O)o2)Oc2ccccc2)[SH]1C=CC=C1C=C1,377.445,3.485000000000002,57.370000000000005,2,4,7,4,0.047619047619047616,0.5729423829553413,5.5629898098911745
*C[S]#[Na][O]C(=O)C=CCCNC(=O)Sc1ccc(C(*)=O)cc1,346.38500000000005,2.4415000000000004,72.47,1,5,6,1,0.21428571428571427,0.3706778428583321,4.464529474483703
**CNC#Cc1cccc(=CC)ccc2c(cc1=O)C=C(C(=O)O[O][Na])C=2,356.3330000000001,0.11280000000000023,64.63000000000001,1,5,4,2,0.1,0.20726064814449913,5.466471861930609
*c1ccc(C(=O)CC=CC=C2CP(=O)(O)C=C3C=C(C=*)C=CC32)s1,355.375,3.6099000000000023,54.370000000000005,1,3,5,3,0.15789473684210525,0.6484417565372887,5.849339003374764
*C1=CN2C(=O)Oc3ccc(F)cc3N(*)CC(=C1)C(=C)C(F)(F)N(C)C2=O,363.295,3.442300000000002,53.09,0,4,0,3,0.17647058823529413,0.6629000673166973,5.619007737501554
*N=P(*)(OC(C=C)=CC=CC#N)c1ccccn1,243.20600000000002,2.917980000000001,58.269999999999996,0,4,5,1,0.0,0.34552375287650816,5.201014133456939
*OC1=CC(=CN(CCCCCC)C(=O)c2ccc(*)o2)C=C1N(C)C,328.4120000000001,3.1845000000000017,45.92,0,4,9,2,0.42105263157894735,0.6532495185448155,4.292537181771353
*CCC(=O)NC(=O)CCc1ccc(N(C)CCC(O)CCN(*)C)cc1,347.4590000000001,1.5930999999999997,72.88,2,5,12,1,0.5789473684210527,0.6007254678479694,3.8579745629029105
*c1ccc(C(=O)OC(=CC=CC(=O)N(*)C)CC(C)(Cl)Cl)c(C)n1,355.22100000000006,2.668120000000001,59.50000000000001,0,4,6,1,0.3125,0.2588450018886354,4.421903683729091
*NNC(=O)CC(=O)[SH]1C=CC(Sc2ccc(*)cc2)=CC=CC1,332.4500000000001,1.9237000000000002,58.199999999999996,3,4,5,2,0.125,0.4380279308541428,5.461615739162771
*C(=O)NCCP(=O)(CC)NC(=O)c1ccc(Cc2ccc(*)cc2)cc1,356.3620000000001,2.7387000000000015,75.27000000000001,2,3,8,2,0.2631578947368421,0.7143751148777571,4.1004056481419955
*N([C]=*)C(=O)OCCOCCOCCOC1=CC=CC(CC)CC=C1,335.4000000000001,2.5513000000000003,57.230000000000004,0,5,12,1,0.5555555555555556,0.4051647681596992,4.468544618595077
*c1ccc(C(=O)OC(=O)[Si](C)(C#N)C2=CC=CC=CC(*)(C=[C])C=C2)cc1,357.44100000000003,3.583070000000002,67.16,0,4,4,2,0.09523809523809523,0.4691757999743235,6.047168217022033
C[Si]1(C)*C=CC(NC=C2C=CC=C(C(=O)C=CC(=O)O*O)C=C2)=CC=CC1,381.5040000000001,3.345600000000002,75.63000000000001,2,5,6,2,0.14285714285714285,0.5450967548178235,5.4728374108270765
*N(C)C(=O)CCCCS(=O)(=O)N(*)c1ccc([PH](C)(C)C)cc1,344.4170000000001,1.6446999999999996,57.690000000000005,0,3,8,1,0.5333333333333333,0.5321306442474063,4.574749287506502
*C(C)(COC=CC=CC#C)C1=CC=C2C=[C](*C2=O)[Na][O]S1(=O)=O,340.33200000000005,1.6901000000000002,69.67,0,5,5,2,0.1875,0.32965947500431697,7.211542326021849
*CCN(COC([2H])(F)F)OCCOCCOc1ccc(COO)c(*)c1,350.33610177800006,1.6441,69.62,1,7,15,1,0.6,0.22317422423862907,4.502441654145714
*C(*[N+])(C[CH2])C(=O)OC(C)(C)COCN(C)C(=O)C(C)(C#C)CC,322.40500000000003,1.7485899999999996,78.14000000000001,0,4,10,0,0.7058823529411765,0.34861764806688855,5.580444608096174
*OC(C)CCNCCCCOc1occc1C=CNC(=O)c1ccc(*)cc1,370.44900000000007,2.8630000000000013,72.72999999999999,2,5,13,2,0.38095238095238093,0.5306207480892097,4.374513126824272
*CCN(CCNC(=O)CCCc1ccc(C(=O)N*)cc1)CCN(C)C,346.47500000000014,1.1508000000000005,64.68,2,4,13,1,0.5789473684210527,0.5623809675337744,3.12855426953033
*O[PH](Cl)([Se]c1ccc(*)cc1F)c1cccc(C(=O)O)c1,377.59700000000015,1.5681,46.53,1,2,5,2,0.0,0.6354957452855219,4.792514126417527
*[Se]C1=C(ON)C(C)=CC=C(OCC*=CC=NC)C(OC)=CC1,369.3230000000001,2.0437000000000003,66.07000000000001,1,5,8,1,0.375,0.3078212898065138,5.736840352521316
*/C=C/C=CC(C)N(CC)C(=O)NC(CC)CCSCCOCC(*)=O,354.5160000000002,3.0200000000000014,58.64000000000001,1,4,14,0,0.6666666666666666,0.3847431218085954,4.917517640635631
*C#CCNC(=O)CCCC=C1C=CC(Cc2ccc(S(*)(=O)=O)cc2)=C1,353.44300000000004,2.686400000000001,63.24,1,3,8,2,0.25,0.5772553398853183,3.857063411230735
*OC1=CC=C([Si](*)(C#N)C(C)(C)COCCOCCOCCC)C1,337.49200000000013,3.018080000000001,60.71000000000001,0,5,13,1,0.7058823529411765,0.38179451407653914,4.7908044743200815
*Oc1cccc([Si](C)(C)O[Si](C)(C)CC(C(*)=O)C(=O)OC)c1,338.5080000000001,2.0286,61.83,0,5,8,1,0.4666666666666667,0.41222896662406305,4.536674336447838
*Oc1cc(C)c(OC2=CC=C(O)C2=N[SH]#Cc2ccc(*)cc2)c(OC)c1,366.4180000000001,3.568520000000002,60.28,2,5,4,3,0.1,0.8124760105099101,4.632471225285839
*c1ccc(C(=O)NCC(C)(C)C=CC(=O)N(C)C=CNC(*)C)c(C)c1,341.45500000000004,1.8963199999999998,61.440000000000005,2,3,8,1,0.4,0.710093135278932,4.704075186603534
*OC1(CCC)C=CCc2cc(OC[N+](*)COCC)ccc2CCC(=O)O1,361.4380000000001,3.186700000000002,59.89,0,6,9,2,0.55,0.38402805737676116,5.095913199646464
*CCN(COCCOCCCO)C1=CC=C(CO*)C1Oc1ccccc1,361.438,2.3815,60.390000000000015,1,6,15,2,0.5,0.3823261584273102,4.430252495923902
*[C]1SC(S(=O)(=O)/C(*)=C\CC)C=C1S(=O)(=O)CCC(C)CC,349.5190000000002,3.048490000000002,68.28,0,5,8,1,0.6428571428571429,0.6735344203374223,5.182106125662598
*NC(=O)c1ccccc1NC(=O)CC(*)Oc1ccccc1-c1ccccc1,358.39700000000005,3.830700000000002,67.43,2,3,7,3,0.09090909090909091,0.6744411194733733,3.246892366861344
*OC(=O)C(C)C=C1C=CC(S(=O)[Se]C/N=C/c2ccc(*)cc2)=C1,392.3380000000001,1.6292,55.730000000000004,0,4,7,2,0.17647058823529413,0.523693286448692,5.767580446008262
*NC(C)C(=O)OCCCCCCCCC[N+]CCCOCCN(*)CC,356.5310000000001,2.5,64.89999999999999,1,5,20,0,0.9473684210526315,0.26816109110288927,4.423791583364668
*O[Si](C)(OC(C)=CC1=CC(=CC=CN(*)C)CCOO1)[Si](C)C,338.5320000000001,3.3645000000000023,40.160000000000004,0,5,7,1,0.4666666666666667,0.4042942338060051,5.920322620471508
*C(*OCCOCCOCCCO)C(=O)CCCCCCCN(C)CC,360.51500000000016,2.5753000000000004,68.23,1,6,21,0,0.9473684210526315,0.31738268272375975,3.9497211380205393
*CC(C)(C#N)COC(=O)c1ccc(COc2ccc(*)cc2)cc1,307.349,3.0944800000000017,59.31999999999999,0,4,7,2,0.2631578947368421,0.7375287129822801,3.7477492521509452
*CC(C)(C)NC(=O)CCNC(=O)CCCCC(C)(C)C[Si](C)(C)O*,356.5830000000001,3.6277000000000017,67.43,2,3,13,0,0.8888888888888888,0.3910515160030063,3.790259806205742
*[N+]C(COCC(C)CC)C1=NC=CC(=O)OCC=C1[Se]*,342.277,1.0503,61.989999999999995,0,4,8,1,0.5714285714285714,0.4893267354369966,6.018776412572937
*C(=O)C[N+](=O)CO[Si](C)c1ccc(/N=C/c2ccc(C=*)cc2C)c(C)c1,365.4850000000001,2.4108400000000003,58.739999999999995,0,4,9,2,0.25,0.2967332371652635,4.4890668853220035
*CC1=CC(F)(NC(O)NCC(O)CCOC(*)c2ccccc2)C=C1,334.39099999999996,1.5867999999999998,73.75,4,5,11,2,0.4444444444444444,0.36529911335624066,5.347109769439982
*[C]1C=C(C=O)C(*)=CC(OC(=O)C2=NN2c2ccc(CF)cc2)C(Cl)=C1,357.74800000000005,2.9774900000000013,58.74,0,5,5,3,0.1111111111111111,0.6002114270986244,4.866048109680458
*c1cc2c(s1)C(OCC*S)=CC=[N+]C(=O)OC(=CC=O)CCO2,352.4130000000002,2.0368,75.93000000000002,1,7,5,2,0.26666666666666666,0.3797981418587152,5.880066333098167
*c1ccccc1C(=O)NCCCCCCNC(=O)c1ccc(C=C=*)cc1,347.438,2.545000000000001,58.2,2,2,10,2,0.2727272727272727,0.649095039721614,3.0283127369703555
*OC(=O)C(=O)SCN(CCSCCCCC*C)CCN(C)C,349.5420000000001,2.529700000000001,49.85000000000001,0,7,14,0,0.8666666666666667,0.2712398278972566,4.347152384409599
*C1OC=CCN(CCN(C)C)*N(CC)CCCOCCOC1=O,328.43300000000016,0.45610000000000106,54.480000000000004,0,7,4,1,0.8125,0.6948610965976435,5.209280015377997
*N=P(*)(OCCCN(C)CCOCCOC)OCc1ccccc1,342.37600000000003,3.164500000000002,52.52000000000001,0,6,14,1,0.625,0.3839205091393345,3.760711620205427
*/C=N/C(C#N)COC(=O)C(*)C=COCCCCI,362.1669999999999,2.08268,71.67999999999999,0,5,10,0,0.5833333333333334,0.14901226970688825,5.502840609618662
*C1=CC(C)CC(N(C)C=O)=C(*)O1,165.19199999999998,1.2401,29.540000000000003,0,2,2,1,0.4444444444444444,0.5759909421177556,5.604096338524179
*NOC(=CCNCCC)NC(=O)N(*)CCCCCCCCCCCC,354.5390000000002,4.209700000000002,65.63,3,4,18,0,0.8421052631578947,0.19593180051098757,3.7601785934169696
*/C=C/c1cc2c(cc1C)C(=CC=CC=C)CCNC(=O)C2(C)S(=O)(=O)O*,371.4580000000001,3.186420000000001,72.47,1,4,5,2,0.25,0.8070738070645822,4.9719136520192695
*Cc1cc([Si](*)(C)C)cc(S(=O)(=O)c2ccc([Si](=O)O)cc2)c1,348.528,0.6480999999999997,71.44,1,3,5,2,0.2,0.805502636009555,4.215627034759249
*c1ccc(OCCCCCO)c(OC(F)(F)C(F)(F)N(*)C#N)c1,334.269,2.2143800000000002,65.72,1,5,10,1,0.5,0.2336381277597064,3.92880829702624
*Oc1ccc(/C=N/C=C/C=COCC(C)CCOc2ccc(*)nc2)c(C)c1,364.44500000000005,3.9758200000000032,52.94,0,5,11,2,0.2727272727272727,0.3438236045345589,4.61405325657404
*CCN(CCCNC(=O)NCSN(*)C)C(=O)NCCCCCC,345.5130000000002,2.236999999999999,76.71000000000001,3,4,14,0,0.8666666666666667,0.25630514518684117,3.6757121057418605
*C#CC1=CC(=CC(=O)NC=CC=CCNC(=O)/C=C/C=C2C=C[C](*)S2)C=C1,373.4570000000001,3.0033900000000013,58.2,2,3,7,2,0.045454545454545456,0.40975714173086497,5.008014875182023
*C=C=CC(=O)Oc1ccc(C2C[N+](C)(C)C=CC(c3ccc(*)o3)=N2)o1,337.355,2.3048,64.94,0,5,4,3,0.21052631578947367,0.37162531148894296,5.544615874862643
*Cc1cc(S(=O)(=O)C(=S)N(*)CCCO)ccc1OCCCCC,357.4970000000002,2.512200000000001,66.84,1,5,10,1,0.5625,0.5126114297715053,3.6512985212445157
*CCC1=CC=CN(CC2=CC=CCCO[PH](=O)C=C3C=CN=C3C2)N1*,355.3780000000001,4.358500000000005,45.14,0,5,4,3,0.3157894736842105,0.7031656932623646,6.331417310777331
CCCC=CC=C1CO*2c1*cc2[Se]c1ccc([N+](=O)[O-])cc1,363.2950000000001,2.5496000000000008,52.370000000000005,0,3,6,3,0.29411764705882354,0.4434801565652174,5.100266978588307
*Oc1ccc(C2=CC(=COCC(C)(O)C3=CC=C(N)C(*)O3)C(O)=C2)cc1,353.3740000000001,2.6522000000000006,94.17,3,6,6,3,0.2,0.6808882357092293,5.252607980191663
*CN=CC=C(/C=N/c1cncc(*)c1)CNCCOC1C=CN(C=CC=CC#N)S1,406.51500000000004,2.4657800000000005,85.9,1,8,12,2,0.23809523809523808,0.18868261974676506,5.758500620675602
*N[PH](CC(=CC=C1C=NC(=CC=COC)[C]1*OC(=C)C)OC)OC,351.36300000000017,3.3981900000000023,61.31000000000002,1,6,11,1,0.29411764705882354,0.4566176009694757,5.899792175767635
*SC(=O)C(C)(C)C(C)C(=O)N(CC)C(O)COc1ccc(*)cc1,337.44100000000003,1.7933,66.84,1,5,8,1,0.5294117647058824,0.7327680829057267,4.786089057396874
*CCCC(C1=CC=C(OC(=O)c2[c]cncc2)*N=C1)c1ccc(OC)s1,366.4420000000001,4.492490000000003,60.78,0,6,8,3,0.25,0.6458437062219061,5.60734138481279
*CC1(*)C(=O)ONC(C)=CCN(C)C=CC=C1Cl,254.71699999999998,2.1954000000000002,41.57,1,4,1,1,0.4166666666666667,0.778994945984919,5.729138343281786
*CCCSCCCCCNC(=O)CC1CC(=O)NCCN1C*CC,356.55600000000015,2.4251000000000005,61.440000000000005,2,4,14,1,0.8888888888888888,0.4693622175251066,4.4046165520670115
*c1ccc(OCCCCCOC(=O)C2C=C(C=Cc3cc(*)ccc3C)C2)nc1,375.46800000000013,3.491220000000003,48.42,0,4,10,3,0.3333333333333333,0.4711263702518204,4.2610891398566455
*CCCCCCCOC(=O)C1C=CC=CC(=O)C(C=CC=CN(*)C)C1=O,357.4500000000001,3.410300000000002,63.68000000000001,0,5,11,1,0.47619047619047616,0.24536107453411476,4.91878431155261
*CC(*)C(=O)OCCCCN(CCCC)SCOCCO,305.44000000000005,2.3319000000000005,59.0,1,6,15,0,0.9285714285714286,0.2168196761314242,4.545888470981273
*CC(OCC)C(=O)N1C=CC(C(=O)N2CC=CN(*)CC2=C)C=C1C,329.40000000000015,1.8709,53.09,0,4,5,2,0.4444444444444444,0.7726223454539697,5.541282971079834
*CC(C=C1C=CC(OCCNOCC2=NC(=CC=CC(=C)C)*2)=C1)CO,341.4310000000001,2.9512000000000014,63.08,2,5,12,2,0.35,0.3254110880002499,5.33301931615819
*[Se]C(CCC(=O)*C)OS(=O)C(C)=CC=CC(C)C#N,347.31800000000004,2.22088,67.16,0,4,10,0,0.5384615384615384,0.4489027602995586,6.458429432600557
*OP(=O)(C=C)C=CC=C(C)C(=CC(C)(F)CF)S(*)(=O)=O,324.285,3.809600000000003,60.440000000000005,0,4,8,0,0.3333333333333333,0.5030415613399276,5.918711578007389
*CCON(O)CCCN(*)CCNCCCN(C)C1=C(C=COC)C=C1,352.47900000000004,1.6286999999999996,60.44000000000001,2,7,17,1,0.6666666666666666,0.23433741070040445,4.77125754078539
*CCC[N+](C)CCCOCCCCCCNC(=O)CCC(=O)S*,344.5210000000001,2.7016,61.300000000000004,1,5,17,0,0.8823529411764706,0.32547479902279003,3.964376291121698
*CC(*)(C)C(=O)OCCCN(CCCOC(=O)N1CCCC1)C(C)C,340.4640000000001,2.948100000000001,59.08,0,5,11,1,0.8888888888888888,0.42742135174608115,3.77756809667771
*C1=C(C)C2=C(C(=CC=Cc3ccc(*)cc3)C2=CC=CN(C)CC#N)C1[N+],337.4260000000001,3.280680000000001,49.33,0,2,5,3,0.17391304347826086,0.7743235923786004,5.28334789368853
*C[Si](COCC)NSCCOc1ccc(/N=C/c2ccc(*)nc2)cc1,372.54600000000005,2.697400000000001,55.739999999999995,1,6,12,2,0.3333333333333333,0.2686651672099447,4.238537796157548
*C(=CC=CC(=O)N(C)CC)NC(=O)c1ccc(/N=C/c2ccc(*)cc2)cc1,359.4290000000001,2.766800000000001,61.77,1,3,7,2,0.13636363636363635,0.4693899293287349,3.666415348871653
*C(F)(F)C(F)(F)CCC[SH](CC)C(=O)NN*NC(=O)OC([2H])([2H])F,356.33320355600006,2.3474999999999997,79.46000000000001,4,4,10,0,0.8,0.2096947543450962,6.121606039143066
*NC1C(=COC(=N)CI)C=C1NC*C=CS,350.20500000000004,1.65227,57.14,4,5,7,1,0.3,0.10745180637204163,6.558115419988196
*NNC(=O)C1=CC=CC(C(=O)c2cc(Br)ccc2C)C=C1*,345.1960000000001,2.57092,58.199999999999996,2,3,4,2,0.125,0.6514666855905832,4.43737471202506
*Nc1ccc2c(c1)C=CC(c1ccc(*)s1)=CCS2(=O)=O,301.392,2.6830000000000007,46.17,1,4,2,3,0.06666666666666667,0.9274172572273431,4.369551645027948
*Oc1cccc(CN(*)C(=O)c2ncccc2C(=O)Oc2ccccc2)c1,346.3420000000001,3.250600000000002,68.73,0,5,6,3,0.05,0.5061511791878344,3.083326967739586
*CC(Cl)C(=S)S(=O)(=O)CCCCCCCSCCC(*)=O,356.9620000000001,3.4533000000000023,51.21,0,5,13,0,0.8461538461538461,0.28718747179469645,4.563605046098293
*Oc1ccc(CC(=O)NCCCCCCCCCN2CCN(*)O2)cc1,347.459,2.8476000000000017,54.040000000000006,1,5,13,2,0.631578947368421,0.5562115387712894,3.414068565388317
*C(C)CCCCNC(=O)NCC1[C]=C*C(C(=O)c2ccccc2[NH])C1,340.44700000000006,3.8211900000000023,82.0,2,2,9,2,0.5,0.5290207567072671,5.294947488292125
*C1=CC2=CC(=O)N3C[Si](C)CC(=O)N(*)CC=CCC3C(=O)C2=C1,325.4200000000001,0.9824999999999999,57.690000000000005,0,3,0,3,0.35294117647058826,0.4927513309084949,6.02861991982138
*O[P](*)(C)CCCCOCCOCCOCCOCCOS,343.40200000000004,2.2020000000000004,55.38000000000001,1,7,18,0,1.0,0.17821010366177145,4.3194002403428975
*/C=C/C(C)CCN(CC)CS(=O)(=O)CCCCCCC(=O)N(*)C,344.52100000000013,2.6430000000000016,57.690000000000005,0,4,14,0,0.8235294117647058,0.4546246059019916,4.385748107325623
*O[Si](C)(C)C(C=COCN(C)C)S[Si](C)(C)NC(C=*)=CO,347.60900000000004,2.4051,53.96000000000001,2,6,11,0,0.6153846153846154,0.34001264712879814,5.965792074662423
*c1ccc(O[Si](*)(C)[SH]2C=CC=C(CCNC(=O)C#N)C=C2)cc1,342.49600000000004,2.3564800000000004,62.12,2,3,6,2,0.17647058823529413,0.4738632480042039,5.568296709744526
*CC(/C=C/C(CN(*)CCCNC(=O)CN(CC)CC)OOC=C)SCC,385.5740000000001,2.706600000000001,54.040000000000006,1,6,18,0,0.7368421052631579,0.12871627374326874,5.1009326785702065
*C(=O)CC(=O)C(=O)N(c1ccc(*)cc1)N1CC=C(NC=C)c2ccccc21,359.3850000000001,1.7384999999999995,69.72,1,5,7,3,0.09523809523809523,0.6023818266517507,4.34088201553832
*c1ccc(Cc2ncc(*)o2)c(COCCOC(C)(C)CCOC)c1,331.4120000000001,1.9628999999999996,53.72000000000001,0,5,11,2,0.5263157894736842,0.5893119160815068,4.000770269231838
*NC1=CN(CC)CC(C)CC2C3CCC(*)N2C(=C1)N=NCC(CC=C)C3,355.53000000000014,4.089000000000003,43.23,1,5,4,3,0.7142857142857143,0.7725793254972019,7.2978987598968805
*CCN(CCNC(=O)OCC(*)C(=S)c1ccccc1)C(C)COC,350.4840000000001,2.7731000000000012,50.80000000000001,1,5,12,1,0.5555555555555556,0.4639798395885407,4.2769839190755
*Nc1ccc(-c2ccc(NC(=O)c3cc(C(N)=O)ccc3*)cc2)cc1,329.359,2.755600000000001,84.22,3,3,5,3,0.0,0.67278183402974,2.8679907391659576
*CCCCN(C)C(=O)OCCCC(C)NC(=O)CCSCCN(*)C,359.5360000000001,2.6069000000000004,61.88,1,5,15,0,0.8823529411764706,0.45549247900929657,4.067473405453441
*[N]C(*)([PH])C([SH]C(F)(F)CS(=O)(=O)COCC)=C(C)C=C,344.3650000000001,2.3281,57.47,1,3,10,0,0.6363636363636364,0.37591081860525,5.844856922611609
*CCN(C[N+](C)=O)S(=O)(=O)C(C)CCc1ccc(CCC(*)=O)cc1,353.4640000000001,1.9818,74.53,0,4,12,1,0.5882352941176471,0.42532269343370516,4.364543109833567
*N1C=CN(C(=O)C(=O)OCCCCCC(F)(F)CCCC*S)CC1,363.45000000000016,3.3234000000000012,49.85000000000001,1,5,11,1,0.75,0.26477656365300906,4.372596797155968
*CCCCCN(CCOC)C(*C(C)O)NC(=O)N(C)CCC[N]C,344.5000000000002,1.045300000000002,79.14000000000001,2,4,16,0,0.9411764705882353,0.3239242823498633,4.9261315084579484
*CCP(CCS(=O)(=O)CCCCOC(=O)N*)[Si](C)(C)C,339.46999999999997,2.6563000000000008,72.47,1,4,11,0,0.9166666666666666,0.3567519286977429,4.958227754366062
*CCCCCN(C)COC=CC=CCOCC(=O)CCN(*)CC,324.46500000000015,2.8621000000000016,42.010000000000005,0,5,17,0,0.7222222222222222,0.17807685395911646,4.397713433978841
*N(CCCCC1C=C*CCOCCCCC(=O)C1=O)CCSC,340.509,3.257900000000002,46.61,0,5,8,1,0.7777777777777778,0.5012453096706206,5.178382838470398
*OS(=O)(=O)c1ccc(OC(C)[N+](C)CCC(C)SCCN(*)C)cc1,374.5280000000001,2.2588,61.740000000000016,0,7,12,1,0.625,0.41308368021900643,4.8685250729216545
*OCC(C)(C)C(C)OC(C)N(C)C(=O)c1cccc(C(=O)N(*)CC)c1,348.4430000000001,2.943200000000002,59.080000000000005,0,4,9,1,0.5789473684210527,0.6439388377948452,4.512888435870231
*N=P(*)(N(F)C=C(C=C)C=CC=CC#N)[N+](C)(C)C,267.26800000000003,3.544780000000003,39.39,0,2,6,0,0.25,0.31937849519867434,5.88524726867766
*OP(C)(=O)C1=CC=CS(=O)[SH](OCc2ccccc2)C(CC)CN1*,387.46300000000014,4.085500000000003,55.84000000000001,1,5,6,2,0.375,0.45273541263611855,6.32177948946366
*c1ccc(C(C)(C)C=CC(=O)S(=O)(=O)CC2CN(*)C2=O)cc1,319.382,0.5590999999999999,71.52000000000001,0,4,5,2,0.375,0.5871457347401275,4.925675538370915
*[Se]C1=CC(=CNC(=O)*Oc2ccc(O)cc2)[C]=CN1Nc1ccccc1,412.3070000000001,3.033990000000001,73.83,3,5,7,3,0.0,0.6101298667648498,4.526510108765228
*CCCCCCCS(=O)(=O)CCCN(C)CCC#CCOCCO*,359.5320000000002,2.5322000000000013,55.84,0,5,17,0,0.8888888888888888,0.295017937611822,3.8793964020031755
*N(C#N)CCC1=C*C(C)(C)C=C1C=C([CH2])OCCOCOCCOC,348.44300000000015,3.102970000000002,63.95000000000002,0,6,13,1,0.5789473684210527,0.16751750702325824,4.759418884914945
*c1[nH]n(C(=O)C2=CC(=CC3=CCN(C)C=C3C=*)C2)c1/C=N/C=CC=CC=CC,371.464,3.0596000000000014,53.39,1,3,7,3,0.17391304347826086,0.5915991266174677,5.3107894173535755
*CC(*)C(=O)N(Cc1ccccc1C)OCCOCCOCCCC,335.44400000000013,3.3939200000000023,48.0,0,4,14,1,0.631578947368421,0.3861401282610442,3.861001685778172
*C1=CC(C2=C[Si](*)(C)c3ccc(C(=O)O)cc3C2)=C([Si]=[N][Cd])[C]=CC=C1,456.91,2.7041900000000005,49.66,1,2,3,3,0.10526315789473684,0.7109812555201029,5.879723186603535
*C(=O)/C=C/CCOCCOCCCN1C(C)C(*)C1CBr,346.26500000000004,2.2372999999999994,38.77,0,4,12,1,0.8,0.3086608850576247,5.001877040009079
*[C](C(C)CC)C(F)CCC(=O)*[N+](CCCC([CH2])C)OC(CO)CCC(C)=O,386.52800000000013,3.8108800000000027,69.5,1,5,18,0,0.8095238095238095,0.3637500440301161,5.696276136316152
*CC(*)C(=O)OCCCN(C(=O)N(C)CC)C(=S)NCC(C)CSC,375.5600000000001,2.4724000000000004,61.88,1,5,11,0,0.8125,0.34003979826717856,4.731624136466806
*N(CC)CCN(C)C1(C)C=CC=C(C(=O)NC(=O)C(C)(C)CC*C)C1O,364.5100000000002,1.9306999999999994,72.88,2,5,10,1,0.7,0.6196669605313883,5.414693523131052
*CCN(*)C(=O)CCCCCCCC(=O)C(=S)N(CC)CCO,328.4780000000001,2.1883000000000004,60.85000000000001,1,4,14,0,0.8125,0.39114139923419405,3.8150799045817347
*c1cccc(C(C=CC2=C(C=CC=O)C=C2)NC2=CCCS(=O)(=O)*N2)c1,367.45000000000016,1.8341,75.27,2,5,7,3,0.15,0.5681121459930133,5.501433115582021
*CCN(CO*)OCCCOCCOCCOCCOCCCC,335.4410000000001,1.8825999999999992,58.620000000000005,0,7,21,0,1.0,0.18027448254689474,3.783801236176642
*CCN1CC(CCNCC)(N(CCCC)CC(=O)C(=O)CS*)C1=O,355.5040000000001,0.9723999999999997,69.72,1,6,15,1,0.8235294117647058,0.26818384716603255,4.83546690491173
*CC(COC(C)(C)C)CS(=O)(=O)NCCOCCN(*)CCCC,350.5250000000002,1.8877000000000002,67.87,1,5,15,0,1.0,0.4568854599577925,4.339619749116667
*CC(COCCCC)CC(=O)N(CCN(Cl)C(=O)Cl)C(*)Cl,359.68100000000004,3.491900000000003,49.85,0,3,12,0,0.8461538461538461,0.17613185643181867,4.938369706999293
*CCCCCCNCCCN(C(=C[2H])C(=O)C=N)C(OC)c1cnc(*)c(C)c1,373.51910177800016,2.751690000000001,78.31,2,6,16,1,0.5714285714285714,0.20159546566766792,5.049537066586187
*C1=CCC2CN(C3=CC(=CC(=O)c4ccc(*)cc4)C=CO3)CC=CC2=N1,342.39800000000014,3.0790000000000015,41.900000000000006,0,4,3,4,0.18181818181818182,0.6261529900246464,5.080083265154672
*C(=CC)C[SH](O)c1cccc(/C=C/C(=O)NC(=O)c2ccc(*)cc2)c1C,367.47000000000014,3.425620000000002,66.4,3,3,6,2,0.14285714285714285,0.5413152016880716,4.616899426770834
*CC(CC)CCNC(C)C(=O)OCCC(C[SH]Cl)N(*)CCO,353.93600000000004,2.0282000000000004,61.8,3,5,15,0,0.9333333333333333,0.31044635327092895,5.415801786065421
*N1CCN(CCOC(=O)CN(C)C2OCCCC2N(*)CCCC)CC1,354.4950000000002,0.614800000000002,48.49,0,7,10,2,0.9444444444444444,0.5329882284349708,4.55334668699642
*O[Si](C)(C)O[Si](C)(C)CCCCCNC(=O)Nc1cccc(*)n1,353.571,2.9524,72.48,2,4,10,1,0.6,0.500949838641578,3.7943740868553757
*Oc1ccc(C2=CC(OC)=C(*)C=COC2COCCOCCOCC)cc1,374.4330000000002,3.3026000000000018,55.38000000000001,0,6,12,2,0.42857142857142855,0.5234326844323187,4.338960207454486
*C1NN(C(*)(C)CNC(=O)CCCCC)N1CF,244.3139999999999,0.7454999999999987,47.61,2,4,8,1,0.9090909090909091,0.4883637875320343,4.944781540557172
*C(=O)CNC(=S)CCSc1ccc(NC(=O)c2ccc(*)cc2)cc1,356.4720000000001,2.5886000000000005,58.2,2,4,8,2,0.16666666666666666,0.5623900081955717,3.346609679137
*=CCCN1CC=CC=CC(/N=N/C=CC=CCOCC#CC=NC(=O)*=C)C1,365.4570000000002,2.7745000000000015,66.62,0,5,10,1,0.3333333333333333,0.19654210361048155,5.747036124308716
*CC1=CC=C(S(=O)(=O)c2ccc(C(=O)CC(C)=S)cc2)C=C(C)[C]1*,357.47600000000006,4.241990000000004,51.21,0,4,6,2,0.21052631578947367,0.5642848658237708,4.0420602586944305
*N=P1(OCCCNC(=O)c2ccc(Cl)cc2)*C(Cl)=NC=C1,345.146,4.136600000000002,63.05,1,4,6,2,0.23076923076923078,0.6222271640902346,4.3652544415263295
*c1ccc(C(=O)OCCC*N(CC[CH2])CCCCOC(=O)NCC)cc1,362.47,2.878890000000001,67.86999999999999,1,5,14,1,0.55,0.40709300732046927,3.8845773596577944
*NCC(C#*)(NNC(=O)c1ccccc1)C1=CC(=CCOC)C(SC)=C1,355.4630000000001,1.9819000000000002,62.39,3,5,9,2,0.2631578947368421,0.5914797501275706,4.642178223040782
*OCC(=O)OC1CCCC(C[SH]2C=CC=C(NC(C)CC*C)C2)O1,356.5080000000002,3.237700000000002,56.790000000000006,2,5,10,2,0.7222222222222222,0.46483165929672443,6.117422468440352
*CCCCCNC(=O)C(=CN)C(=O)NCC(C=C)=CC=CN(*)CCC,346.4750000000001,2.0017000000000005,87.46,3,4,14,0,0.47368421052631576,0.14757161297875934,4.424317437929498
*/C=C/[Se](C)=C(*)NC(=O)c1ccccc1OCCCC(=O)OCC,382.31800000000027,2.0837,64.63,1,4,9,1,0.35294117647058826,0.4036153119686061,4.027429892380281
*C(CCl)(CC(=O)CCCCCC(=O)[O][Na])C(F)(F)CC*O,335.73,2.905600000000001,63.60000000000001,1,4,13,0,0.8461538461538461,0.3192031947410946,5.1053301074493085
*CCCCC(SC(=O)Nc1ccc(C)cc1)S(=O)(=O)N(*)C,328.45900000000006,3.450020000000002,66.48,1,4,8,1,0.5,0.7422935499039819,4.228379816597907
*CN(CCCCC)CCS(=O)(=O)CC(C)c1ccc(C(=O)N*)cc1,352.50000000000006,2.3980000000000006,66.48,1,4,12,1,0.6111111111111112,0.5867229935143836,3.8445932321056633
*CCCCCCCOC(=O)CCCOC(=O)N1CCCCCN(*)C1,340.46400000000017,3.574200000000003,59.080000000000005,0,5,11,1,0.8888888888888888,0.42494275369100903,3.3970540216881924
*C#CC1=CC(CSCC(=O)O*)=CC=CC1CN(CC)C(=O)OCC,347.4360000000002,2.754500000000001,55.84,0,5,8,1,0.4444444444444444,0.6320902351149401,4.874488329613788
*C[As](OC(CC(C)O)N*)c1ccc(OCCCC)cc1,341.2830000000002,1.7382999999999995,50.72,2,4,11,1,0.6,0.36573425776649854,5.013698477587896
*CCC(=O)CCCCCNCCN(*)CCC(=O)NCCCCCCN,354.53900000000027,1.8549000000000013,87.46000000000001,3,5,20,0,0.8947368421052632,0.2905027970917661,3.4116617917975356
*CCCCCCCOC(=O)C(CCCC)N(CCCCN(*)CO)CNC,371.56600000000014,2.981700000000001,65.04,2,6,20,0,0.95,0.1948381799766356,4.293919491321668
*Oc1ccc(/N=C/CC=*O[Si](CCC)C(=O)N(C#[C][Na])CCCC)[nH]1,368.46500000000015,3.0612000000000013,66.92,1,4,12,1,0.47058823529411764,0.2668312963007275,5.636399848477697
*CC(F)(F)C(F)(F)N(C)S(=O)(=O)NCCCCCSO*,340.36400000000015,2.2477,58.64,1,4,12,0,1.0,0.25619699415168196,4.304667486741412
*C1=NC(c2cccnc2)C(OCCC(SCCC)c2cc(*)ccc2O)=C1,366.48600000000005,4.139400000000004,54.71000000000001,1,5,9,3,0.3333333333333333,0.7246210716221045,4.875730628120657
*/C=C/[Si]([O-])c1c(-c2ccc(Br)cc2)ccc(C(*)=O)c1C=O,357.2350000000001,1.7791000000000001,57.199999999999996,0,3,5,2,0.0,0.6055614068563661,4.132821091655152
*Oc1ccc(CN(C)C(=*)NCC2COC(C(C)OCCOC)O2)cc1,351.4230000000002,0.9808000000000006,61.420000000000016,1,7,12,2,0.6111111111111112,0.5634056249364197,4.669208824324512
*C(=O)N(CCSCC(C)=CC1=CC=C1c1ccccc1)S(*)(=O)=O,347.46100000000007,3.454900000000002,54.45,0,4,8,2,0.23529411764705882,0.6759642368750103,4.009605082330488
*c1ccc(C(=O)CCCSSC2=CC=CS(=O)(=O)*C=C2)cc1,351.4940000000001,3.545200000000003,51.21,0,5,7,2,0.1875,0.4271285371382358,4.493872622994544
*Nc1cc(*)c(OCCCCC)c(OCOCCOCCOCC)c1,339.4320000000001,2.7124000000000015,58.18000000000001,1,6,16,1,0.6666666666666666,0.3690952279208099,3.4624265788607493
*CC(COC(=O)N(CCCC)CCS*)COc1ccccc1CNC,366.52700000000004,3.804800000000003,50.8,1,5,14,1,0.631578947368421,0.5425939998782559,3.8909733647411855
*Nc1ccc(C(=O)C2=CC=CN(c3ccc(*)cc3N(C)C)C2O)c(C)c1,347.4180000000001,2.57322,55.81,2,5,5,3,0.19047619047619047,0.8144612838616284,4.477806719478125
*N1C=CC(=CCSC=Cc2cc(N=*)ccc2S(=O)(=O)O)C(O)C1,351.4290000000001,2.5825000000000005,90.2,2,6,6,2,0.2,0.6046760767993551,5.17945999271473
*COC(=O)CCCOC(=O)C1=CC(=CN(C)CCCCCCC(C)C)[C]1*,362.49000000000024,3.8032900000000023,55.84,0,5,14,1,0.6666666666666666,0.34741080527297,3.793727424782543
*C#CC[Si](CBr)(NC(=O)CCCCCCC(*)=O)C([2H])Cl,365.74910177800007,2.6869000000000014,46.17,1,2,11,0,0.6923076923076923,0.2647349361645035,5.56327821052741
*Nc1ccc(OCCCSSCNCSC(*)=O)cc1,316.47300000000007,3.6202000000000014,50.36,2,7,11,1,0.4166666666666667,0.3671909821607302,3.985719005047554
*N(CCCCCN[CH2])CCCN(C)CC(C)NC(=O)C[SH]1CCN(*)C1,372.6030000000002,0.8693900000000024,50.85,3,5,15,1,0.8888888888888888,0.29417632697783325,5.546921545296016
*CCCC(*)(C#N)C(=O)OC(C)C(F)(F)C(F)(F)OC(F)OC,331.237,3.0416800000000013,68.55000000000001,0,5,10,0,0.8333333333333334,0.3495709698219278,5.646090143811081
*OCCOCCO[Si](C)(CCCCOC1=CC(=COC)C=C1)O*,342.464,2.834200000000001,55.38000000000001,0,6,15,1,0.625,0.25909221009961103,4.73385246527585
*Oc1ccc(C(=O)NC(=O)Cc2cccc(C(=O)c3ccc(*)cc3)c2)cc1,357.365,2.4344,72.47,1,4,6,3,0.045454545454545456,0.6879809611245693,2.942517641971506
*CCC1COC(=O)C=CC(O*)(C(C=C)C[N+]2C=CN2C)C(CCC)OC1,362.4700000000002,2.752200000000001,53.900000000000006,0,6,9,2,0.65,0.35860748510476004,6.53113062158574
*c1ccc(NC(=O)N2C=C(Br)C(C)=C(OC)C=*OC(=O)C2)cc1,379.21000000000015,2.2108,67.87,1,4,2,2,0.1875,0.85588804840426,4.804263337196336
*CCOCCN(CC)C(=O)CCC(C)(C)C[S][Fe][CH](*)O,345.286,2.1814000000000004,49.769999999999996,1,4,13,0,0.9285714285714286,0.4106520809038711,4.862369844012243
*NC(C)C#CC(C)(C)CC(C)OCC(C)(C)CSCCC(=O)*CC,354.58000000000015,4.452900000000004,38.33,1,4,13,0,0.85,0.3915509522500104,5.4753793204132934
*C1=CC(=C/C=C/CC(=O)NCC(*)COc2ccc(C)c(OC)c2)N=CC1C,366.46100000000007,3.8203200000000024,59.92,1,4,9,2,0.36363636363636365,0.7226819271393237,4.769909735748451
*c1ccc(C=C(C[2H])C(=O)CC(C)(C)C(=O)C(=CC(F)=CF)CC[N+](*)=O)cc1,375.4131017780001,4.159100000000003,54.22,0,3,10,1,0.3333333333333333,0.45578952142876555,5.002396340430499
*NC(C(*)=O)C(O)C=CC=C(F)C(=O)C(F)(F)C(F)CF,299.195,0.7673,66.4,2,4,9,0,0.45454545454545453,0.37479471322871544,5.759598729794705
*CCCCOC(=O)CC/N=C/CC(C(*)=O)C1CC1Br,330.222,2.603900000000001,55.73,0,4,11,1,0.7857142857142857,0.2532191894903113,5.32691696874862
*[Si](C)(COC(=CC=COC)O[Si](C)(C)/C=C/*=C)O[Si](C)C,343.6240000000001,3.2243000000000013,36.92,0,4,11,0,0.5,0.32781979090264574,5.936848392443003
*CCN1CCCC(CC2CCC(C(=O)S*)C(=O)O2)C(=O)C1C,325.43000000000006,2.0595999999999997,63.68,0,6,5,2,0.8125,0.5693802926530683,5.28531994286087
*C(=O)C=C1C=C(Cc2cnccc2CCNC(=O)c2ccc(*)cc2)C1,330.38700000000006,2.1036,59.06,1,3,7,3,0.19047619047619047,0.7911324519537902,3.7275180671011796
*c1c[nH]n1CCCCNC(C=COC(C)CCl)=C/C=C/C*[N],323.84800000000007,2.4453000000000005,64.28,2,2,13,1,0.5,0.2533526426433365,5.409489042330192
*CC1CCC(NC(=O)C(C=O)=CC=CC=CC(C=NC)N=*)C1,300.38200000000006,2.2787000000000006,70.89,1,4,9,1,0.47058823529411764,0.17714176147193417,5.644889692097392
*c1ccc(C#Cc2ccc(OC(=O)CCCCON(*)OC)cc2)c(O)c1,353.37399999999997,2.3016000000000005,68.23,1,6,8,2,0.25,0.25822644430235975,3.656722247681163
*/C=C/P(C)(=O)[SH]C#CN(CC=C1COC(*)=N1)Cc1ccccc1,345.38400000000007,3.620300000000002,41.900000000000006,1,4,6,2,0.23529411764705882,0.3705511521777267,5.518393093661549
*CCCCOc1ccc(S(=O)(=O)CCN(*)c2ccc(C#N)cc2)cc1,356.447,3.4294800000000025,70.4,0,5,10,2,0.3157894736842105,0.61006136311787,3.213013208801584
*CC(C)(C)C(=O)OC(*)N(C)C(=O)NC1=CC=C[N+](C)(C)CC=C1,320.41300000000007,2.0415,58.64,1,3,5,1,0.5294117647058824,0.4790072365337201,5.100220041361735
*C1COC2*CN(CCN1C)c1cccc(c1[O])C(=O)OCCCC2,332.4000000000002,2.1834999999999996,61.91,0,5,0,3,0.6111111111111112,0.6816058530418556,6.337856840073423
*CCCCCOCCOC(=O)N1CCCN(C)C[SH](CC(*)=O)C1,346.4930000000001,1.9071,59.080000000000005,1,5,10,1,0.875,0.4836116610453285,4.761281779623474
*CCN(*)C(=CC=C)C(F)(F)C(Cl)=CNc1ccco1,286.709,4.2108000000000025,28.41,1,3,8,1,0.23076923076923078,0.72571348339886,4.956235523266177
*CS(=O)(=O)c1ccc(/C=N/[N+](C)(C)C(=O)C(*)C=CCCl)c(O)c1,357.83900000000006,1.7424,83.8,1,5,7,1,0.3333333333333333,0.26473444103792143,4.891015146256841
*CC(CCS(=O)(=O)CCCS(*)(=O)=O)SCCCCC(C)C,356.57500000000016,2.9562000000000017,68.28,0,5,14,0,1.0,0.44762667072435725,4.3894862234644405
*CC(=O)OCCS[SH]1C2CCN(*)C(=O)C(SCCOC)C21,351.51500000000016,1.3422,55.84,1,6,9,2,0.8461538461538461,0.22243701284535036,6.040399923208321
*SCCCCCNC(=O)CNC1C=CC(O)(CC)Nc2ccc(*)cc2C1,375.5380000000002,1.9261999999999992,73.39,4,5,10,2,0.55,0.3714815486179278,4.909166088198554
*C(OC[Si](*)(F)C(F)(Br)c1ccc([N+](=O)[O-])cc1)[SH]=O,372.21900000000005,1.9461999999999997,69.44,1,4,7,1,0.3333333333333333,0.1984161523873447,5.40657731471844
*c1ccccc1*N(CC)CC(CC)OCCOc1ncccc1NO[N],357.43399999999997,1.4047999999999994,78.15,1,6,13,2,0.42105263157894735,0.4313121782421039,4.691746384812792
*C1=NC(F)=CC/C(=C/OCC2=CC=CC(=O)Nc3ccc(*)cc3C2)[SH]1C,370.44900000000007,3.447300000000002,50.69,2,3,3,3,0.2,0.486455222342448,5.9567934333368235
*OC(=*)NC1=C(OC)C(OCC#CC)C=CC(CC(=O)OCCC)C=C1,346.40300000000013,2.0455999999999994,66.02,1,6,10,1,0.47368421052631576,0.3709770863340386,5.212948622219091
*[C]=CC(=CC=C/N=C(/*)OCCOCCOCCOC)OC(C)CCCCC,380.50500000000017,3.8370900000000034,58.510000000000005,0,6,18,0,0.6666666666666666,0.11887698145931941,4.609220712890865
*CCOCCOCCOCCOC(=O)C(C)(C)C#CN(C)CCCCO*,371.4740000000002,1.7269999999999996,66.46000000000001,0,7,17,0,0.8421052631578947,0.1669142392013315,4.124527071289882
*OC(=O)C=CCCCNCCCCCOc1cc(*)ccc1N=C,316.401,2.6759000000000004,59.92,1,5,13,1,0.4444444444444444,0.3452095588721425,3.878849936068301
*C[Si](*)(C)C(=O)C(=O)Oc1ccc(Br)cc1C#N,310.17900000000003,1.9658799999999998,67.16,0,4,4,1,0.18181818181818182,0.3689422377650006,4.303494475982338
C*C(NC(=O)CSCCC(=O)*[NH])C(C)N1CC(C)=CC=C1C,324.4700000000001,2.0488,73.21,1,4,10,1,0.625,0.6242422068119324,5.370997381530852
*CCOC(=O)CCC(C)CCCCNCCN(*)C(C)COCCOC,358.52300000000014,2.491200000000001,60.03,1,6,19,0,0.9473684210526315,0.28274797825473647,4.294860006834477
*COC(O)COCCOCCCOCc1ccc(CCS*)cc1,342.45700000000005,2.2083000000000004,57.150000000000006,1,6,16,1,0.6470588235294118,0.3671393458014842,3.893781230172925
*OCC(O)COC1=NC(OCCC[Si](*)c2ccccc2)C1=COC,348.451,0.9679999999999993,69.51,1,6,11,2,0.47058823529411764,0.3665573416676396,5.188066611383193
*N(Cc1ccc(CNC(=O)OCC*c2ccccc2)cc1)NCCNCC,369.4890000000001,2.122,65.63000000000001,3,5,13,2,0.38095238095238093,0.3728466658260745,3.610991295147599
*CCS(=O)(=O)CCCCS(=O)(=O)[Si](*)(F)CCCCCC,344.5460000000002,2.601800000000001,68.28,0,4,13,0,1.0,0.2924963929487616,4.446473908212216
*CCCC(F)(C(CC(F)(F)F)NC(=O)CCC(=O)N*)C(F)(F)F,352.24999999999994,2.8027000000000006,58.2,2,2,9,0,0.8333333333333334,0.6272123592053894,4.917627060019252
*C(=O)c1ccc2c(c1)CC=CNN(CC[As]C(*)O)C=CC=C2C,371.2920000000001,2.1172,52.57000000000001,2,4,5,2,0.2777777777777778,0.779025868312028,5.532720235158217
*CC(*)(C)C(=O)N(N)Cc1cc(Cl)cc(Cl)c1N,274.15100000000007,2.4734,72.35,2,3,4,1,0.36363636363636365,0.383199660301591,4.405933804082808
*CCC(CN(C)C1NCCCC1S(=O)(=O)N*)c1ccccc1,323.46200000000005,1.5215000000000003,61.440000000000005,2,4,8,2,0.625,0.7614031296181133,4.821998302889585
*OC(=O)CCCCCOCC(C)ON=C(*)C(F)(F)C(F)(F)C(F)F,365.27,3.374500000000002,57.120000000000005,0,5,13,0,0.8461538461538461,0.21734465581591958,4.530993193867182
*C(C)C(=O)NC(C)(CCCCOC(=O)N(*)C)CC(C)NC(F)(F)F,353.38499999999993,2.8100000000000005,70.67,2,4,10,0,0.8666666666666667,0.46799372697648056,4.968568811554961
*N(CC(O)C*C)C(=O)OC(C)CCC(=O)OC1=CC=CC(C(C)C)C1,352.4510000000001,3.629500000000003,76.07000000000001,1,5,10,1,0.6842105263157895,0.6076720667665041,5.301779522011829
*[C](c1ccc(F)cc1)C(C#N)C1=CC=CN(C)CS(=O)(=O)CSC*1,364.46700000000016,2.843370000000001,61.17,0,5,3,2,0.29411764705882354,0.8253114885359606,5.386052938994685
*CC1=C[N+]=CC(CC2=CCC(*)(NC(=O)C3=CC=C3[C])C2=CC=CC(=O)OC)C1,373.43200000000013,2.4564900000000005,69.5,1,4,7,3,0.30434782608695654,0.5505184846287728,6.186965550262119
*C(C=C=CC(/N=N/c1cccc(OC)n1)=C(*)C=COCCOCC)=CC,353.4220000000002,4.666000000000004,65.30000000000001,0,6,11,1,0.3,0.19065644560167846,4.669883883513686
*SCC(=O)N(CCNPBC(C=C)=CC=COCCCC)CC(*)=O,368.2480000000003,2.0233,58.64000000000001,1,5,16,0,0.5,0.14855347720265052,5.446355637306096
*Oc1cc(*)c(NC(=O)NCCCCCNC(=O)c2ccccc2)c(C)c1,353.422,2.7345200000000007,79.46000000000001,3,3,9,2,0.3,0.6066048286249314,3.0070466877980078
*c1ccc(Cc2cc(*)ccc2C2=CC(OCC(=C)C(C)=O)C=CO2)cc1,344.41,3.041800000000001,35.53,0,3,7,3,0.17391304347826086,0.7244573950950662,4.855548006039665
*Oc1ccc(OCC(OCCNC)Oc2ccc(-c3ccc(*)o3)o2)cc1,357.3620000000001,2.5772000000000013,75.23,1,7,11,3,0.2631578947368421,0.4174786841907597,4.269763607035014
*C(=O)N(*)CSS(=O)(=O)c1ccc(-c2ccccc2)cc1C[CH2],332.4260000000001,3.5451900000000025,54.45,0,4,6,2,0.125,0.5995521283017252,3.7670069298641433
*CC(O)CO[SH](=O)(CCC)C(C)(O)CCC1C=CC=C(*)S1,334.503,2.2241999999999997,66.76,3,5,10,1,0.7333333333333333,0.5346933567500404,6.394833011586744
*OC(=O)c1cccc(C(C)NC(C)(C)C2=CC=CC(=O)NC*C=C2)c1,339.415,2.905500000000001,67.42999999999999,2,4,5,2,0.3,0.8654961594564787,5.108367795984431
*Oc1ccc(C=CC(*)=CC=COc2ccc(C(=O)[N+](C)(C)C)cn2)cc1,349.4100000000001,3.8102000000000027,48.42,0,4,7,2,0.14285714285714285,0.4332199136455263,4.130615828686331
*N=BC(CCN1C=CC(NC(=O)Oc2ccc(*)s2)C1)c1ccccc1,351.24000000000007,2.692500000000001,53.93000000000001,1,5,7,3,0.2777777777777778,0.7807265278152389,5.147300953580039
*C(=O)CCS(=O)(=O)c1ccc(C(C)(C)N(C=C)C(*)=CC=CC([2H])=O)cc1,360.4531017780001,2.7527000000000017,71.52000000000001,0,5,10,1,0.2631578947368421,0.36442897520524653,4.441717315972435
*C(N=Cc1cc(Br)c(*)cc1OC)=C(C=COC)OCCCO,368.22700000000015,2.3287,60.28,1,5,9,1,0.3125,0.3146421149609392,4.260639097696312
*OC(=O)c1ccc(S(=O)(=O)c2ccc(Cc3ccc(*)s3)cc2)cc1,356.424,2.9674000000000014,60.440000000000005,0,5,5,3,0.05555555555555555,0.705127810273989,3.11979260853637
*CCN(CCOCC(=O)c1ccc(*)cc1)c1ccc([SH]=N)cc1,328.43699999999995,2.4708700000000006,53.39,2,4,10,2,0.2777777777777778,0.40014741271660476,4.194236068245982
*CCCOCCOCCOC(C)CCC(F)(F)CC(C#N)N(*)CC,348.4340000000001,3.2663800000000025,54.720000000000006,0,5,17,0,0.9411764705882353,0.37770132111731514,4.855338659053832
*/C(C)=C(/*)CCOc1ccc(P(=O)(O)c2cccc(Cl)n2)cc1,335.72700000000003,3.055200000000001,59.42,1,3,6,2,0.1875,0.650851525477505,4.20496244833595
*C(=O)NC(CNC(=O)c1ccc(/C=C/c2ccc(*)cc2)cc1)CSC,352.4590000000001,2.751900000000001,58.2,2,3,8,2,0.2,0.7184376370772334,3.771125793890983
*COC(=O)C(C)(C)CNC(=O)N(CCCCCO*)[SH](F)(F)F,347.3789999999999,2.8308000000000013,67.87,2,4,11,0,0.8333333333333334,0.3425925464125118,4.794492144649358
*CCN(CCCC)C(=O)c1ccccc1C(=O)NCC1CCOC=C1*,342.4390000000002,3.0535000000000014,58.64,1,3,9,2,0.5,0.7502561743357362,3.952741785793818
*CC[Si](CC)CCNC(=O)OCCCCCCOc1ccc(*)cn1,349.52700000000004,3.403900000000002,60.45,1,4,14,1,0.6666666666666666,0.4129631748310928,3.993115975950147
*Nc1ccc(C2=CC=CC(NC(=O)CCNCCNC(*)=S)C=C2)cc1,354.479,1.9604999999999997,65.19,4,4,9,2,0.2631578947368421,0.40332472402292896,4.31111874304709
*c1ccc2c(c1)CC(S(=O)(=O)CN(*)c1ccccc1C)=CC=CC(=O)N2,366.44200000000006,2.44752,66.48,1,4,4,3,0.15,0.9026353682944864,4.443674520907465
*C1=CC(=CSc2ccc(OS(=O)(=O)O)c(CC)c2)C=C(*)C1Cl,356.852,3.894000000000003,63.60000000000001,1,4,5,2,0.2,0.4922679996485534,4.313038721149781
*CCOCCOCCCCCOC(=O)CCC(S*)C(O)N(C)C,349.493,1.9269999999999998,68.23,1,7,17,0,0.9375,0.24438591901887174,4.5007154483971785
*C(=C)N(CN(C(=O)NC)C1=NC(C)NC(=*)C=C1)C1C=CC=CC1,312.39700000000005,1.3756000000000004,59.97,2,4,4,2,0.35294117647058826,0.7710595773697508,5.589753575487479
*[C]=C(CC)CC1C(=C[2H])C(*)=CC=CC=CC=C1[N+](=O)[O-],255.315101778,3.9150900000000037,43.14,0,2,4,1,0.25,0.5642218041838671,6.070191037487012
*OC(=O)C1=CCC(C)(C=CC=[N+]Cc2ccc(N(*)C)cc2)CC1=O,324.38000000000005,2.3530000000000006,60.71000000000001,0,5,6,2,0.3157894736842105,0.5951916370633918,5.154282560383019
*C1=C(Cl)C=CC(=CSS(=O)(=O)/N=C/c2ccc(N=*)cc2)C=C1,349.84400000000005,4.457500000000002,58.86,0,4,5,2,0.0,0.5821975801072978,4.608010760362005
*CCCS(=O)(=O)c1ccc(N(CCCC(=O)O*)CC(C)C)cc1,339.45700000000005,3.068100000000002,63.68000000000001,0,5,11,1,0.5882352941176471,0.6198289027620733,3.403729290475285
*/C=C/COCCSCCCCOC1C=C(*)C(F)=CC=CC(=O)N(C)C1,367.4860000000001,3.2794000000000016,38.77,0,4,11,1,0.5263157894736842,0.5255176070797793,5.250729067239492
*Oc1ccc(CN(CC)NC=CC=C(*C=C)NCCNCOCC[O])cc1,374.48500000000024,2.0236,77.69,3,6,17,1,0.4,0.16761180355305602,4.627847868694534
*N(C=C1C=CN(*)CCCOC=CC=C1C(=O)OC=CC=CN=C)CC,341.4110000000001,3.068100000000001,54.370000000000005,0,6,6,1,0.2631578947368421,0.32159910704927613,5.538126401178433
*CC(*)c1ccc(C(=O)OCC2C(OC(=O)O)=CC2CN(C)C)cc1,331.36800000000005,2.7875000000000014,76.07,1,5,8,2,0.4444444444444444,0.7383072101149218,4.643080051670742
*[C]c1ncccc1-c1ccc([Si](*)(C)NCC2CCOS2)o1,316.45799999999997,2.13279,47.290000000000006,1,5,6,3,0.3333333333333333,0.6533744067357556,5.338847524263995
*OC1=C(O)*C[CH][C]=[C]C1(I)C=CN=NC1=C(C=CC)C=C1,392.1960000000001,4.617870000000003,54.18,1,4,5,2,0.1875,0.4219187005162865,6.650372548035205
*CCOCCOCNCCOCCSCCCCCCN(*)OO,352.4970000000001,2.015399999999999,72.42,2,8,21,0,1.0,0.14067154987208458,3.989726236176643
*NCC(CCC=c1cc*c(CNC(=O)CCC(=O)[S])c1)CCOC,350.4840000000001,1.7933,67.42999999999999,2,4,13,1,0.5555555555555556,0.5691692641550551,5.059919283249195
*C/C=C/C(Cl)(C=CC(F)=C(COC(=O)C=O)O*)C(C)C,302.729,3.1041000000000016,52.60000000000001,0,4,9,0,0.42857142857142855,0.12486974295359521,5.485634916169776
*/C=C/N(CC=CCOCCOCCOCCOCCOCC)CC*,343.4640000000001,1.9356,49.39,0,6,20,0,0.7777777777777778,0.2486877021125819,3.9629654894636595
*C(=O)C(COC=O)CC(Cl)C*C=CC=C(Br)C=C,334.6170000000001,3.3308000000000026,43.370000000000005,0,3,11,0,0.38461538461538464,0.3305831297585501,5.999117019875072
*/C=C1/C=CC(C([2H])=C(OC)C(*)=NS(=O)(=O)CC(C)C=O)=C(CC)C1,336.43110177800014,2.729000000000001,72.8,0,4,8,1,0.4117647058823529,0.38801254852731815,5.628760654028504
*CC(CCCCC#N)CCCCC(CO*)COCCOCCOC,341.49200000000013,3.9912800000000033,60.71000000000001,0,5,20,0,0.9473684210526315,0.3133443904980944,4.351558711175293
*OC(C)=NC(C)C(=O)C(F)C(F)C(C)(C)OCC(*)C(F)(F)OC,343.317,2.891700000000002,57.120000000000005,0,5,10,0,0.8571428571428571,0.34766706230705957,5.885422890532009
*Cc1ccccc1CSS(=O)(=O)c1cccc(C(=O)OCCO*)c1,364.4440000000002,2.995700000000002,69.67,0,6,9,2,0.23529411764705882,0.3870004633226839,3.4437755379357373
*O[Si](C=C(*)I)OC1=CC=CC(C#N)C=COC1,358.1870000000001,2.4607800000000006,51.480000000000004,0,4,4,1,0.18181818181818182,0.5723920176678586,6.448359004086021
*C(C=CC=CC(=O)C=CC=CNCCOC(=O)c1ccc(*)cc1)=NC=C,348.40200000000004,2.4503000000000004,67.75999999999999,1,5,11,1,0.09523809523809523,0.2192729705367632,4.3334223450521465
*C1=COCC(OC)=*C(Cl)=CC1(C#N)OCC(F)(F)Br,356.54999999999995,2.6154800000000007,51.480000000000004,0,4,4,1,0.45454545454545453,0.7267544860151103,6.135099487545613
*c1ccc(/C(C)=N/NC(=N)c2ccc(*)cc2C(C#N)c2ccccc2)cc1,350.42500000000007,3.030450000000002,72.03,2,3,5,3,0.08695652173913043,0.42170304559333815,4.228032720395555
*C1CCCNCC(CNC(=O)N(C)C(=O)N(*)C2=C(C=CC)C=C2)C1OC,360.4580000000001,2.2665000000000006,73.91,2,4,5,2,0.5789473684210527,0.7887420882433975,5.330328971216664
*N(CC)CCCC1=CC(C=C(*C)OCCOCCOCCOCC[O])=C1,367.48600000000016,2.890600000000001,60.06,0,5,19,1,0.7,0.2594885008741845,4.4618533090248835
*CCN(NC(=O)CCCCC(C)C)OCCc1ccc(*C)c(OC)c1,349.49500000000006,3.4449000000000023,50.80000000000001,1,4,14,1,0.65,0.4128220689595121,3.959818269530329
*C(C=CCNC(=O)OC)=CC=C1OC2C(NCC)C=CC=CC=C1N2*,341.41100000000006,2.3263,62.830000000000005,2,5,6,2,0.3157894736842105,0.7262160018414209,6.412134450685514
*CCN(CCCOC#N)C(F)(F)COC(C)(C)CC(=O)O*,306.309,1.9293799999999999,71.78999999999999,0,6,12,0,0.8461538461538461,0.31156377647541794,4.73213018911507
*c1ccnc(OCCCCS(=O)(=O)N(CC)CCC(=*)CC)c1,325.4540000000001,1.5886999999999998,59.5,0,4,12,1,0.625,0.5476515148048803,3.798991545248759
*OCCCSSCCN(CC)C(C)(C)CNS(*)(=O)=O,328.525,1.723,58.64,1,6,13,0,1.0,0.41031705021171877,4.448048016036566
*CS(=O)(=O)C(=O)c1ccc(-c2ccc(C3=NC=C=C=*C=C3)cc2)cc1,347.3950000000001,2.886700000000001,63.57,0,4,4,3,0.05,0.7990704452971789,4.233080207592268
*CCOc1ccc(OC(=O)N(C=COC)CCN(*)CCCCC=CO)c(C)c1,390.4800000000002,4.268120000000003,71.47,1,6,14,1,0.47619047619047616,0.37784341918428244,4.175172384386544
*NC(=O)NC(Cl)C(*)C[SH]N(CCCC)CSC(=O)NC1CC1,367.9480000000001,2.6979000000000006,73.47,4,4,11,1,0.8461538461538461,0.19595267350650925,5.596468150761622
*N=CCCCC(=N*)OCCOCCOCCOCCOCCCC,344.45200000000017,2.4377000000000004,70.87000000000002,0,7,19,0,0.8823529411764706,0.20442636846836224,3.747338412540584
*C1CN(C)CC(F)(F)C(F)(F)CCCCC(=O)ON(C)*C1=O,327.298,2.0172,49.85,0,5,0,1,0.8461538461538461,0.6372478826639649,5.478107077696867
*CCS(=O)(=S)SCCOC(=O)C(S)=CC=CC(*)C#N,335.49699999999996,2.12298,67.16,1,7,9,0,0.45454545454545453,0.17383012786892144,5.810699698395658
*CCCCC(=O)C(C=O)NC(=O)C=C(C)C(C=C[2H])N(*)CCCC,321.4391017780001,2.444400000000001,66.48,1,4,14,0,0.6111111111111112,0.17540356985503164,5.494628369624952
*C(F)(F)C1=CC=CC(=O)NN[P](*)(C=C)C(CN(C)C)C(N)=CC=C1,355.3490000000001,2.1149000000000004,70.39,3,4,4,1,0.3125,0.6758655133273908,6.171679715747368
*CCCC(=S)NCC1=CC(NC(=O)C(C)C)CC=CC(C(=O)N*)=C1,347.48400000000004,2.1852,70.22999999999999,3,3,8,1,0.5,0.5887891571789348,4.83136571314575
*OC(CC)C(O)c1ccc([Si](CC#N)CCS[Si](*)(C)C)cc1,350.61199999999997,3.1891800000000012,53.25,1,4,10,1,0.5625,0.6585162854009491,5.409781523542687
*SC(=O)CCCCC(=O)NCCCC(=O)NCCC=CCC*C,341.4970000000002,3.1713000000000022,75.27,2,4,15,0,0.7058823529411765,0.35427558857386604,3.6894628845282913
*OC(OCCCCOc1ccc(*)cc1)C(Cc1ccccc1)=C(B)C#N,347.22300000000007,2.4972800000000017,51.480000000000004,0,4,11,2,0.2857142857142857,0.2712668539715073,4.176570807889714
*[Se]c1ccc(Cc2ccc(S(=O)(=O)CCOCC(*)=O)cc2)cc1,395.3380000000002,0.9373999999999996,60.440000000000005,0,4,9,2,0.23529411764705882,0.46849185518257014,3.350720686726093
*OC(=O)CCCCCC=Cc1cc*c#c[nH]c1CC(C=S)CCO,346.4720000000001,3.6892800000000023,62.32000000000001,2,4,12,1,0.47368421052631576,0.4475013615685636,5.412135678886138
[*][Fe]([2H])[CH2]*C(=O)NCC(O)CCOCC=C(C)[Si](C)(C)CC#N,355.31010177800005,1.9209799999999995,82.35,2,4,12,0,0.7142857142857143,0.4139311936031307,5.6168127979863005
*Oc1cc([Se]#N)ccc1C1=C(C)C(NC(*)=O)=CC1Br,384.09100000000007,2.03198,62.12,1,3,3,2,0.15384615384615385,0.6411787843986684,5.449314302687561
*C1=N[SH](N=C(O)c2ccccc2-c2ccccc2C=C2C=CC(*)O2)N1,349.4150000000001,3.715600000000003,66.21000000000001,3,4,4,4,0.05263157894736842,0.4477365860432389,5.0623485982430685
*CC(*)(C)C(=O)NNC(=O)COC=CC=C(F)C(=C)C(F)(F)F,322.2579999999999,2.3315,67.43,2,3,7,0,0.38461538461538464,0.32712323399675347,4.95242297168357
*N=P(*)(NCC(F)(F)C(F)(F)C(F)(F)F)C(C)(O)COC,332.15600000000006,2.808600000000001,53.85000000000001,2,3,7,0,1.0,0.5568074716185177,5.148924581670393
*CCCO*C(=O)CCCC(=O)NC1=[SH]C2([S])CCCCC2N1,344.5020000000002,2.1663,67.43,3,4,9,2,0.8,0.34062622367276985,5.728099337674257
*CCN(*)C(=O)CC(=O)NC(=O)N(NC=C)C(C)CCC(F)(F)C(F)(F)F,386.321,2.1896000000000004,81.75,2,4,10,0,0.6428571428571429,0.3426629149908415,4.913891384812791
*c1ccc(C(C#N)=COC2=CC(=CCC(=O)Oc3ccc(C=*)cc3)C=C2)cc1,366.396,3.817680000000003,59.31999999999999,0,4,7,3,0.041666666666666664,0.32350584276867955,4.144455964759658
*[C]=C1C=C(OCOC=Cc2ccc([Si]N=*)cccc(N)cn2)SS1,371.51900000000006,3.1572900000000006,69.73,1,7,7,2,0.0625,0.2610095234480974,5.533993483459942
*OC(=O)C(C)C/C(C)=N\NCC1C=CC(SCN(*)C(C)=O)S1,343.4740000000001,1.9868000000000001,71.0,1,7,9,1,0.6428571428571429,0.29873330720777025,5.901492910325777
*c1ccc(C(=O)NC(=*)c2ccccc2)c(N=NC(=C)C(=O)CCCC)c1,346.4100000000002,3.675200000000003,70.89,1,4,9,2,0.19047619047619047,0.5556851711990041,3.8247276630058584
*C[Si](C)(C=CC=C(*)O)C1C(C=C(C)OC(C)(C)C#N)=CC[N+]1(C)C,345.53900000000004,3.762680000000003,53.25,1,3,7,1,0.5263157894736842,0.3307097416731613,6.040969326315319
*C[N+](*)(C)CCCCCN(C)C(=O)OCC([2H])=CCCCCOCCO,344.49410177800013,2.378200000000001,59.0,1,4,16,0,0.8333333333333334,0.3449359428406704,4.610088284316633
*CC(CCl)NC(=O)c1ccc(N2CC=C(C(=O)N*)C2(C)C)c(C)c1,347.84600000000006,2.4053200000000006,61.440000000000005,2,3,6,2,0.4444444444444444,0.7767528463339056,4.3602409120313705
*CCN(CC(=O)NCC(C)C)C(C)Cc1ccc(C(=O)O*)c(OC)c1,348.4430000000001,2.2891000000000004,67.87,1,5,11,1,0.5789473684210527,0.6644762916784763,3.7705601181103834
*N=P(*)(CCCOCCOCCC(CO)CCCCOCC)N(C)C,364.46700000000016,3.2215000000000016,63.52,1,5,18,0,1.0,0.2988228918372455,4.42961468830627
*C(*C(=CCC)OC(C)C(Br)C(NC=O)OCCO)N(C)CC,380.3030000000002,1.3569999999999998,71.03,2,5,14,0,0.8,0.20613188363431215,5.712610021532198
*CCN1CCC(NC(=O)C2=CC([N+]3(C)C=CC=C(C(=O)*C)C3)C=C2)C1,341.45500000000015,1.5692999999999997,49.410000000000004,1,3,7,3,0.5,0.7153155349505007,5.618315302057305
*[N]*CCOCCCOC(=O)CCOCc1ccc(Cl)cc1,313.78099999999995,2.6836,58.86,0,4,13,1,0.5333333333333333,0.41482119376658233,3.2502831296171912
*OC=CC=C(Cl)CCNS/C=N/CCc1ncc(*)o1,299.7830000000001,2.1651999999999996,59.65,1,6,10,1,0.3333333333333333,0.17912868504606014,5.426235928124476
*c1ccc(C(=O)c2ccc(N3C(=[C])C(C)=C*CC3=O)c(C=C)c2)cc1,326.375,3.6827900000000025,37.38,0,2,4,3,0.09090909090909091,0.8038307780544579,4.296065654145714
*C1=CC(OCO)=*C(CCOCCNCCC[CH2])=CC=C1OCCCCC,364.5060000000002,3.199690000000002,59.95,2,5,16,1,0.6190476190476191,0.325305300948154,4.314734660047279
*[C]=CC=C1C#CC([Si](C)(C)O*)=C2C=CCC2=N1,238.34199999999996,2.676190000000001,21.59,0,2,3,2,0.21428571428571427,0.5469766698417751,5.858591759199408
*CCCCCCN(C)S(=O)(=O)CSSC(=O)N1CCN(*)CC1,367.56200000000024,2.3168000000000006,60.93000000000001,0,6,10,1,0.9230769230769231,0.43615623958426974,4.290874062731278
*CC(*)OC(=S)NCCCCN(C)OCc1ccc(CN)cc1,323.46200000000005,2.0229999999999997,59.75,2,5,11,1,0.5625,0.3690656565183649,4.176467677435209
*CCOC(=O)C1=C=CC=C[SH](CO)(c2cc*c(=O)occc2)C1,334.3930000000001,2.1672000000000002,76.74000000000001,2,5,5,2,0.23529411764705882,0.4901951398634398,6.053174458775308
*COc1cc(CC(=O)O)c(/C=C/C(=O)O*)cc1Br,313.10299999999995,1.9825000000000002,72.83,1,4,6,1,0.16666666666666666,0.8131269021363081,3.811064513340156
*CC(O)CN(C)C(=O)OC(F)(COCCO*)C(CC)CCCC,335.4160000000001,2.7630000000000017,68.23,1,5,14,0,0.9375,0.49444063603225324,5.05558596584544
*CCCSCCCCCS(=O)(=O)NCCCCCCC(=O)N*,350.5500000000002,2.6980000000000004,75.27,2,4,17,0,0.9333333333333333,0.395546489214286,3.522480565184048
*CCCCCC(=O)CCC=C1C=C(CCNC(=O)CC2CN=C(*)S2)O1,362.4950000000001,3.578800000000002,67.76,1,5,13,2,0.631578947368421,0.50860599040994,4.7457255914618335
*C1=CC=C(N=*)C1NCCOCC(C(CC)c1ccccc1)C(C)C(C)O,355.50200000000007,3.8517000000000032,53.85000000000001,2,4,12,2,0.5454545454545454,0.5600313741709327,5.1749956664956365
*CCOCCOCCNC(=O)C1CCC(CSCCCC(*)=O)C1,343.4890000000002,2.1089999999999995,64.63,1,5,15,1,0.8823529411764706,0.4614486774119034,4.296485216167681
*c1cccc(O[SH](C)(=O)c2ccc(N(CC)OC(=O)C(*)C)cc2)c1,347.4360000000001,2.5028000000000006,55.839999999999996,1,5,7,2,0.2777777777777778,0.6160233259294928,5.237894640556368
*Nc1ccc(C(=O)[O-])c([Se](C)CC(C=CC)=CC(=CC)C(*)=O)c1,376.3140000000001,1.7825999999999995,69.22999999999999,1,4,8,1,0.2222222222222222,0.42671408723193155,5.190936884856321
*C(=O)c1ccc(C(=O)NCc2ccc(CN(CC)CC)c(N(*)C)c2)cc1,351.45000000000005,3.0484000000000018,52.650000000000006,1,4,9,2,0.3333333333333333,0.75439884169079,3.0597589932141123
*C(=O)C1C=CN([Si](C)C)CC=C(C(=O)Nc2ccc(*)cc2C)CC1=CC,365.52900000000017,3.1434200000000017,49.410000000000004,1,3,4,2,0.3333333333333333,0.6586659765156603,5.41551307921393
*C(=O)C1CCC([C]2=CC=CC=CC(C)=*NC(C)CC(=O)CC[O][Na]2)C(C)C1,380.4840000000002,3.280100000000002,55.400000000000006,1,4,2,2,0.5909090909090909,0.7472589833400686,6.336374323230626
*CC*C1C=C(I)C(C(C)(O)CCCO)=C1N,336.19300000000015,2.3146,66.48,3,3,7,1,0.6666666666666666,0.6252950397726565,5.734881394065294
*CC(=O)C=C1C=CC(C(=O)OCCSCCCCc2ccc(*)nn2)=C1,356.447,2.2096,69.15,0,6,11,2,0.3684210526315789,0.34395051040787816,4.090801086713147
*C1C=CC=CC=C(C2C3=C4C(=O)N5*C(C(=O)C4C5=O)C32C)CC1=O,320.32400000000007,1.6382999999999999,71.52000000000001,0,4,1,5,0.3684210526315789,0.5437813425709578,7.285267356599089
*C[CH2][Ge][NH]C(=O)C1=C(C=CC(*)=O)C=CC(C2CC2)=CN1,328.9150000000001,1.4471999999999998,58.2,2,3,7,2,0.3333333333333333,0.42230325324877,5.231129410150187
*CC(*)C(=O)NC(C=CS(F)(S)Cl)=CC=CN[C](=O)[Na],332.785,2.8851000000000004,58.2,3,3,7,0,0.2,0.29046995256968766,6.358829413680374
*C#CC1CCC(NC(=O)CCCSCCCCCC(=O)N*)C(N)C1,351.5160000000001,1.7630999999999997,84.22,3,4,11,1,0.7777777777777778,0.39115505118099364,4.725217717709121
*C(C*C)OCC(=O)OCC1=CC(=CC(=O)Bc2ccc(C(C)(C)C)cc2)C1,367.27400000000017,2.8156000000000008,52.6,0,4,10,2,0.45454545454545453,0.36259524803291665,5.050763123891411
*N(CC=CN=[Si]c1ccc(OC)cc1)S(=O)(=O)CCCCCC*=C,365.55100000000033,2.3138000000000005,58.97,0,4,13,1,0.47058823529411764,0.3980707498770692,4.654858783457338
*NC(CCCNS(=O)(=O)CCCOc1ccccc1)CS(*)(C)C,360.5450000000001,2.1060999999999996,67.42999999999999,2,4,13,1,0.625,0.5288127777493222,3.7458252101060348
*[C]=C*C(=CC=CC(=O)NCCCC)C(=CC[SH]1(C)NCO1)C[CH2],336.5010000000001,2.9760800000000014,50.36,3,3,11,1,0.4444444444444444,0.23526478856533573,5.412483343200053
*CCC(C)C[N+](C)(C)C=CC1C=C(*)CC2=CC(O)C=CN2S1(=O)=O,351.4920000000001,2.1796999999999995,57.61,1,3,6,2,0.5555555555555556,0.7464118943115815,6.358680026906773
*/C=C(/*)C/C=N/c1cc(I)ccc1S(=O)(=O)O,349.14900000000006,2.5703000000000005,66.73,1,3,4,1,0.1,0.5162031653690775,4.366935618299607
*CSc1ccc(S(=O)(=S)c2ccc(C(O)N(*)CO)cc2)cc1,353.49000000000007,2.1567999999999996,60.769999999999996,2,6,7,2,0.2,0.5875463750791943,4.577648946888572
*C(=O)c1ccc(C(=O)CCCN(*)CCOCCOCCCC)cc1,333.42800000000005,2.938600000000002,55.84,0,5,15,1,0.5789473684210527,0.3647841964682348,3.2343742734468
*CCSC(=O)NC(=O)C=CC=C1C(=CC=CC(=O)C(=*)CC)C=C1C=C,354.4510000000002,3.7154000000000025,63.24,1,4,9,1,0.2,0.6411848913870566,4.792956315268374
*C(=O)N1CC=CC=C(C(=O)CCCCCC(=S)NC(=O)CC*C)C1,349.47600000000006,3.358600000000002,66.48,1,4,10,1,0.5555555555555556,0.48503122741748045,4.300844874079045
*CS(C)(C)n1c(OC(=O)CCCCCC)cc(*)c1OC(C)=O,327.4460000000001,2.797900000000001,57.53,0,4,9,1,0.625,0.5168145408222525,3.9631251116823263
*Oc1cccc(-c2ccc(OCCC(O)CC(O*)[SH](=O)OC)cc2)c1,365.427,2.5660000000000007,74.22000000000001,2,6,11,2,0.3333333333333333,0.5964063941018918,4.596392629992529
*OCCOCCCCOCCOCCNCC(C)c1ccc(C=*)cc1,350.47900000000004,2.3902,48.95,1,5,18,1,0.65,0.4120788474005126,3.7762509262485047
*C(=O)NCC=CC1=C(S(=O)(=O)[Si]2=CC=C(*)C=CCc3ccccc32)C=C1,379.5130000000001,1.8683,63.24,1,3,5,3,0.1,0.7946824301188036,5.298290167675498
*SCOCCOCCOc1ccc(C2(O)C(*)C(OC)N2CC)c(C)c1,369.4830000000002,2.35292,60.39000000000001,1,7,12,2,0.6666666666666666,0.4482000472431736,4.806157949830585
*CCCC1COCN2C=CC=C(C(=C)CS1)C(=O)N(O)*C(=O)CSC2,383.51500000000016,2.5707000000000004,70.08000000000001,1,7,3,2,0.5294117647058824,0.7512329480598129,6.737631371345259
*CS[Si](*)(C)C(=O)OCCCCCCCOCc1ccccc1NO,369.55899999999997,4.534400000000003,67.79,2,6,14,1,0.5882352941176471,0.2851278389452625,4.051767544576908
*[C](C=C)C(=CC=CCCCC(C)(C)C1C=COC1)C(*)=O,271.37999999999994,4.168790000000003,26.3,0,2,9,1,0.4444444444444444,0.35726740485442143,5.186917197336884
*CCCC(=O)C1=CC(=C[N+](C)(CC)C(=O)c2ccc(C(=O)N*)cc2)C=C1,351.426,3.184400000000001,63.24,1,3,8,2,0.2857142857142857,0.7318002194175638,4.678730595602001
*O[Si](C)(C)CCN(CCSCCOCCOCC)C(*)C(=O)O,351.54100000000005,1.7207,68.23,1,6,16,0,0.9285714285714286,0.33532923266387266,4.569148892660857
*NC(CCS(=O)(=O)CCC(C)CCCC)CC(*)=O,275.41399999999993,1.8961999999999994,63.24,1,4,12,0,0.9230769230769231,0.5906394880787154,4.574010827325482
*N(CC)c1ccc(C(=O)NCCC[Si]2=CC=C(C(=O)O)C=C*=C2)cc1,354.48199999999997,1.9405,69.64,2,3,8,2,0.2631578947368421,0.5529046030930821,4.337512196655835
*C(O)=CC=c1nnccc1=CNc1ccccc1C(=*)COCCCC,336.41500000000025,1.9423999999999992,67.27000000000001,2,5,9,2,0.25,0.5410621605343003,4.0785049828170425
*CCN(O*)C1=CC(=COCCC)C=C1OCCOCCOCCOC,355.43100000000015,2.4400000000000004,58.620000000000005,0,7,17,1,0.6666666666666666,0.22558266633372967,4.2477193684314285
*CCN(*)C(=O)CCCOC(=O)Nc1ccc(Nc2ccc(F)cc2)cc1,357.38500000000005,4.158500000000003,70.67,2,4,9,2,0.2631578947368421,0.6613132567397472,2.9666281873111533
*Cc1ccc(C(C)(C)[Si](C)(C)OP(=O)(O)c2ccc(*)o2)cc1,336.40000000000003,3.052900000000002,59.67,1,3,6,2,0.375,0.6505323729055449,4.81270390375553
*ON(CO)CCOCC(*=C)C(=CC=COCOC)Oc1ccc(F)cc1,369.38900000000007,2.1924,69.62000000000002,1,7,15,1,0.3888888888888889,0.16707194501223654,4.818401754822527
*CC#CCOC(=O)C1=CC(=CCCCCNC(=O)OCCCN(*)CC)C=C1,372.46500000000015,2.9960000000000013,67.86999999999999,1,5,12,1,0.5238095238095238,0.3240230964910601,4.11371820482329
*c1ccc(NC2(C[Si]Nc3ccccc3)CNC(=CC=CC=CO)O2)c(*)c1,375.5040000000001,2.3827,65.55,4,5,8,3,0.14285714285714285,0.3241520380102096,5.4055767836493755
*[Si](O)(CC)OCCOCCOC1=CC(=CC)C([Si]=N*OC)C1,343.5280000000001,2.0082,69.51,1,6,12,1,0.7142857142857143,0.4335132986701864,5.790069811098989
*OC#C/C=C\C(C)CNC(=O)/C=C/C=CCCC(O*)OCCOCC,349.4270000000002,2.4894000000000007,66.02000000000001,1,5,14,0,0.5263157894736842,0.1715725621900002,5.147228265943789
*CCOCCOCCOC1=CC(=CNC(=O)Cc2ccc(O*)cc2)C=C1,357.40600000000006,2.543400000000001,66.02,1,5,13,2,0.35,0.549745995448113,3.716484467739586
*C1=NN=C2C(CCC)C(=O)N(C2*)C(N(C)CCC)CC=C1,288.39500000000004,2.0519,48.27,0,4,5,2,0.6875,0.7771411220882075,6.594394898860234
*NCC(=CC1=CCOc2ccccc2CN(CC)C=C1C(=S)O*)CC#N,367.4740000000001,3.4134800000000025,57.52,1,6,6,2,0.3,0.7778161242847412,4.876085883352227
*c1cc2c3cc1C(C=CC(*C(=O)CCNC=C)=CC=CCCC(C)NC3=O)C2,375.49200000000013,3.1441000000000017,58.2,2,3,6,5,0.3333333333333333,0.7512495646749643,6.710223824340981
*CCCCCN(*)C=C1C=COCCN(CC)C=C1S(=O)(=O)[O][Na],350.41600000000005,1.9116,59.08,0,6,9,1,0.6,0.467660449159644,5.446646614788309
*CCCN1CC2COC(CC)CNC(=O)c3cc(C)c(s3)O*C1=N2,350.46400000000006,2.3718200000000005,63.16,1,6,4,3,0.6470588235294118,0.9054948896751839,6.976385322401905
*C1=CCC(CC)=C(*)N(CC=C([O-])[N+][Fe]=[O])C1=CCC,301.1470000000001,1.7391999999999999,57.47,0,3,6,1,0.42857142857142855,0.5544539772716356,5.627234713549578
*c1ccc(COC(=O)CC(OCCN(*)C#N)c2ccccc2)cc1,322.364,2.29978,62.56,0,5,9,2,0.2631578947368421,0.4026140624961934,3.8984722693227276
*[C](CC[CH2])NC(N)=CCC(=O)OCC1=CC(Cl)C=C(C)C(*)=C1,320.82000000000005,2.889380000000001,64.35,2,4,8,1,0.35294117647058826,0.5329666828379059,5.400902265441921
*OC(=S)CSS(=O)(=O)CCCCCCCNC(=*)CCC#C,348.5350000000001,2.4904,55.400000000000006,1,6,14,0,0.7142857142857143,0.22524402255013692,4.328693619127679
*[CH]C1=C2*N(CNC(=O)C3C=CC=C(OCCCC)C=CO3)C1CCC2,342.43900000000014,3.0626900000000017,50.80000000000001,1,4,8,3,0.5,0.688958769630648,6.047499022245133
*CC(O)CN1CCNC(=O)C(*)(C=CC=CC=O)C=C(C)C1=CC=[C],326.39600000000013,1.46239,69.64,2,4,7,1,0.3684210526315789,0.42215105754164367,6.142469898987276
*CC(C)(C=CC1=C([Si](*)=CC(=O)c2ccc(O)cc2)C=C1)C(=O)OC,338.4350000000001,2.6083000000000007,63.599999999999994,1,4,7,2,0.21052631578947367,0.4714893287054943,4.819807099927981
*C(S)(CCCCN=C(O)N=CC=CC=C)OC1=CC=COCC*=C1[C],359.4710000000002,3.7247900000000023,63.41000000000001,2,4,9,1,0.3684210526315789,0.164655181506375,6.200163480194957
*C(=O)CNC=CC=CNS(=O)(=S)OC=C1C=CC(CCl)=CC(*)C=C1,384.9100000000001,2.3747000000000007,67.43,2,5,9,1,0.1875,0.36271194585831035,5.909628149844732
*CC(*)OCCOCCOCCOCCOCCOSCSC,356.50600000000003,1.8977,55.38000000000001,0,8,20,0,1.0,0.18623074670903356,4.419557948487972
*CNC(C)=CC1C(/C=N/C=C2CC(*)=C(O)C2=CC)=CC1C#C[Si](C)(C)[O-],365.5290000000001,2.890600000000001,67.68,2,4,5,2,0.38095238095238093,0.44714872564226327,6.315424828525515
*CCN(CCOCCN(C)C)c1ccc(C(=O)O*)cc1OCCC,336.43200000000013,2.4487000000000005,51.24000000000001,0,6,13,1,0.6111111111111112,0.5158484079960876,3.4388852586944303
*c1ccc(C=C[Si](*)(C#N)C2=CC=CN(C)COCCOC=C2)cc1,336.46700000000004,2.4002800000000004,45.49000000000001,0,4,3,2,0.21052631578947367,0.7953500949416972,5.605935423402171
*CC1CCCCC(=O)C(COC(=O)CCC2CCC(=O)N(*)CC2)CC1,349.4710000000001,3.5261000000000022,63.68000000000001,0,4,6,2,0.85,0.6882977626315924,4.889304000507028
*N1N=CC(CCOCCOc2cccc3cc[c]*23)O1,259.285,1.9147899999999998,43.290000000000006,0,5,7,3,0.35714285714285715,0.7124174443625437,5.522520140483041
*C(C)N(COCCC)C(=CC=COCN(CCOC)*1ccc(F)cc1)NC#[C],391.4870000000001,2.864090000000001,46.2,1,6,15,1,0.47619047619047616,0.12390034237897063,5.557452378382825
*C(=O)C=CC1=C(OCCCCCCNCCNC(=O)C2CCN(*)CC2)C=C1,373.4970000000002,1.9014999999999993,70.67,2,5,14,2,0.6190476190476191,0.35948312438143865,3.7940208066000025
*[C](C*C(C)(O)CC(O)C(O)(CC(F)F)C(F)(F)C(F)(F)F)CCOC,386.3040000000001,2.6508900000000004,69.92,3,4,12,0,0.9285714285714286,0.451324395869263,5.425528936255924
C*CCC1CCN*N(CCCCOC(=O)CC(=O)OCC)CCNC1,357.4950000000001,1.620600000000001,79.9,2,7,11,1,0.8888888888888888,0.33035010689207356,4.952983452328088
*CC=C*N(C(=O)CC(C)C(=O)OC[N+]([CH2])(C)C)C(Br)=C[2H],347.25110177799996,2.557290000000001,46.61,0,3,9,0,0.5,0.2787432514278426,6.001240536200885
*COc1ccc(C(C)CC(O)CO)c(-c2ccc(O[Si](*)(C)C)cc2)c1,358.5100000000001,3.715900000000003,58.92,2,4,9,2,0.4,0.6709539643281041,4.1650682812627515
*C(=NN=CC=Cc1ccccc1Cc1ccc(*)o1)C1=CCOCNC1,333.3910000000001,2.4955,59.120000000000005,1,5,6,3,0.2,0.6525963412165043,4.396389252977262
*CCOCCOCCOC(=O)NCN(CCC)CCc1cccc(*)c1,350.4590000000001,1.8001999999999994,60.03000000000001,1,5,15,1,0.631578947368421,0.3860660201101467,3.633403284515344
*C(=O)c1c2ncc(*)c1-c1cc(-c3ccccc3)ccc1CCOC2=O,327.33900000000017,2.9926000000000013,56.26,0,4,2,4,0.09523809523809523,0.6790992131855593,4.471837283548041
*N=P(*)(OCCCOCCOCCOCCOC)N(C)CC,324.358,2.0008,61.75000000000001,0,6,16,0,1.0,0.3196099659540546,4.159206065047038
*/C1=C/*N(CONN)CNCc2cc1ccc2/C=C/C1=CC(=CCOC)C=C1,365.45700000000016,2.3316000000000017,71.78,3,6,7,3,0.23809523809523808,0.5088735523506125,5.977168850623853
*C1=CC=C2C(=O)CCCCC(CCOC(=O)CN3CCN(*)CC3)C[SH]12,364.51100000000014,2.0503000000000005,49.85000000000001,1,5,5,3,0.6842105263157895,0.5976872560870599,5.425536983847742
*OCC[Si](C)OCO[Si](C)(C)CCSN(C)OCOCC(CC)O*,398.6500000000002,3.029600000000001,58.620000000000005,0,8,18,0,1.0,0.11478364291077346,5.718599949332098
*/C=N/C=C1C=C[N+](C=NN=NN=CC=C2C=CC*c3ccccc3C=C2)=C1,354.41700000000003,3.778000000000003,64.81,0,3,5,3,0.047619047619047616,0.25395657035556984,6.008695541635575
*CCNC(=O)CCCCCCC(=O)Nc1ccc(*)n1CC(C)CC,333.4760000000001,3.0717000000000008,63.13,2,2,13,1,0.6842105263157895,0.5449788719536298,3.9064710219214813
*c1ccc(NC2=NC(=COCCN(C)c3ccc(*)s3)[SH]2F)cc1,349.45599999999996,2.716400000000001,36.86000000000001,2,5,6,3,0.1875,0.47831613680828394,5.36205246527585
*CC(*)C(=O)NC(=O)C[Si]CCN(C)COCc1ccc(Cl)cc1,352.894,2.2348999999999997,58.64,1,4,11,1,0.5,0.37675225503186444,4.635278052915399
*OC1=COC(NC(=O)OSSCSCC)=C(*)C1=CCCCC,361.5100000000002,4.907100000000003,56.790000000000006,1,7,10,1,0.5,0.2567410384210321,4.951343710993463
*=CNN=C1CC=C(OCCOC)*CC(CCOCN(C)C)NC(C)(CC)C1,382.5490000000001,2.0952,67.35000000000001,2,7,12,1,0.8,0.30608030943004355,5.907782037437039
*N(C)C1C=CC(Br)*C=C(O)CC(C)COCCO1,319.21900000000016,2.5432000000000006,41.93000000000001,1,4,1,1,0.6923076923076923,0.5956926911380303,6.200202910247415
*OCN(CCOCCOCCOCCCCC)C(CCC)CC(*)O,347.4960000000001,2.3933000000000004,60.39,1,6,20,0,1.0,0.2695167637721216,4.390151648264121
*Oc1ccc(C(=O)OC=CC=C(C)CC=[SH]C=CN=[C]*C)c(C)c1,343.4480000000001,4.622320000000004,47.89,1,4,9,1,0.21052631578947367,0.17765968814859967,5.107252461012659
*CCOCCOCCOC(=O)NC=CC(NC(F)(F)F)C(*)CCF,358.3320000000001,2.4025000000000007,68.82000000000001,2,5,14,0,0.7857142857142857,0.28353532422159167,5.07129380531602
*NC=CC#CC#CCOc1ccc(C(=O)NCCOCCN(*)C(C)C)cc1,367.4490000000001,1.5608999999999995,62.830000000000005,2,5,11,1,0.38095238095238093,0.45912992171373135,3.783121019082202
*OCCCC(=O)NCCCCCCNC(C(=S)NC=*)c1cccnc1,363.507,1.8759999999999994,75.28,3,5,15,1,0.5555555555555556,0.326304656121462,4.017166695095042
*C(=O)CNC=C(C=C=C(C[SH]=NC)C(*)=NC(=O)OCC)CCCC(C)(C)C,393.5530000000003,3.5663000000000027,80.12,2,5,11,0,0.6,0.24337835069411332,5.071430601994598
*CCCC(=O)NCSCCCC(=O)Nc1ccccc1O*,308.403,2.8031000000000006,67.43,2,4,11,1,0.4666666666666667,0.4871130369979582,3.3961802463466153
*NCNC(=S)CCNCCCCCCCCCC(C)CCC(=O)S*,373.63200000000006,4.155700000000002,53.16,3,5,18,0,0.8888888888888888,0.19054964368607055,4.227391780614843
*OC1C=CC(COc2ccc(C(=O)OCCNc3ccc(*)nc3)cc2)=CC1,364.40100000000007,2.6397000000000013,69.68,1,6,9,3,0.23809523809523808,0.5449113843740631,3.9667405199131114
*C([CH2])C(=O)NCN=COC1*C(=CC=CCl)OC1=CC=CN(C)C,337.8070000000001,2.2712900000000005,63.160000000000004,1,5,8,1,0.3125,0.5449309296261191,6.161094043714904
*CC[N+](NCCOCCOC)=C(*)C=C1C=CC(OCc2ccncc2)=C1,356.4460000000001,2.0737999999999994,55.620000000000005,1,5,13,2,0.4,0.2537952201815956,4.078291305346424
*[SH]1(CCC)OCC=C2*C([S](=O)=O)C(CCC)=C(C)C2O1,319.4680000000001,2.947300000000001,52.60000000000001,1,4,5,2,0.7142857142857143,0.6251399533395784,6.302420479106289
*[Se]C1C=CCC=CC(S(*)(=O)=O)=CCC(=O)OC=C1,331.2510000000001,1.6695,60.44,0,4,2,1,0.25,0.4387071893246778,5.8652833358315535
*CCCCCC(=O)CCCSCCCCCCC(=O)NC(=*)N,327.514,3.2590000000000003,72.19,2,4,17,0,0.8235294117647058,0.40223862072739464,3.4982663286742888
*c1cccc2c1C(NC*C)C=CCCCC(=O)NC(=O)CCS2,331.46100000000007,2.4476000000000004,58.2,2,4,3,2,0.4444444444444444,0.6597308346570542,5.063890747462814
*CCN(C(=*)c1cccnc1)C(=C)OCCC(O)COc1ccc(O)cc1,355.414,2.4019000000000004,75.05000000000001,2,6,12,2,0.3,0.5696618865768135,4.041315289389227
*CC(C)(C)CC(C)(C#N)OC(O)CO[Si](C)(C)C[Si](C)(C)O*,345.5880000000001,3.4344800000000024,71.71000000000001,1,5,11,0,0.9333333333333333,0.45863552176800776,5.669870052012955
*CC(=C[2H])C=C(C=[N+]C)OC(=O)C(=O)SCCCCCCCCN(*)C,353.5061017780002,2.970200000000002,60.71000000000001,0,6,13,0,0.6111111111111112,0.12719674404514847,5.019920972233032
*O[N+](C)(C)O[Si](C)(C#N)Oc1ccc2c(c1)NC(*)([C])C=C/C(C)=C/2,341.4430000000001,2.822770000000001,63.510000000000005,1,5,5,2,0.29411764705882354,0.5068021886555673,5.741463754240336
*/C=N/c1cc(*)cnc1CC(=O)NCCCCOC1CC[N+](C)(C)CC1,345.46700000000016,1.1596000000000002,63.58,1,4,9,2,0.631578947368421,0.4149556069539578,4.126620698680127
*C1=CC=NC1=CC1=CC=C1C1=CC=CC(O)(CC2CN2C(=[C])O)*C1,317.36800000000005,2.72609,55.83,2,4,5,4,0.25,0.6054036343905365,6.153005072921655
*C(=O)NCCCCCCNCC(C)CN(*)C(=O)NC,270.377,1.1370999999999996,73.47,3,3,11,0,0.8461538461538461,0.492875243163559,4.082847096209829
*C(=CNC(=O)CCCCCC(=O)Nc1ccc(F)cc1C(*)[2H])CCOC,349.42410177800014,3.307400000000002,67.43,2,3,12,1,0.47368421052631576,0.5690334483747762,4.040142383813789
*CC(*)(C)C(=O)OCCSCCCCCCN1CCOCCOC1,345.5050000000001,2.825000000000001,48.0,0,6,12,1,0.9411764705882353,0.4003541615408478,4.062536322263933
*O[Si](C)(OC(C)(C)C)C(O)OCC(C)CNC(=O)CCCCC(*)C,361.55500000000023,2.899000000000001,77.02000000000001,2,5,13,0,0.9411764705882353,0.29958391071917734,5.052425513566927
*OCC(CCl)(CCNC(=O)OC)C(*)(OCC(F)(F)F)C(F)(F)F,373.67699999999996,2.825400000000001,56.790000000000006,1,4,9,0,0.9090909090909091,0.4986366950280403,4.957088598480789
*c1ccc(N2CC(NC(=O)C=CC3=C(OCC(O)*C)C=C3C)C2CC)cc1,367.46900000000016,2.1829,61.80000000000001,2,4,9,3,0.4090909090909091,0.6570198186058215,5.342072772761652
*CCCC1CN(*)CCN1C=CC=CC(=O)NCc1ccc([N+](=O)[O-])cc1,356.4260000000001,2.4792000000000005,78.72,1,5,9,2,0.42105263157894735,0.3182414366737379,4.294075951511914
*CCOC(=O)CC(CCNC(=O)CCCCC(*)=S)c1ccccc1,347.47999999999996,3.6145000000000023,55.4,1,4,13,1,0.5263157894736842,0.3363610026375515,3.673843413913051
*[Si](*)(CCCOCCOCCON(C)C)C(=O)OC1C=CC(C)=C1,341.48,2.0467000000000004,57.230000000000004,0,6,13,1,0.6875,0.29026330424934854,4.708371698400349
*CCBC(=O)NC(CO*)N(O)CCCCSCCCCCC,330.30300000000017,3.1103000000000014,61.8,2,5,17,0,0.9333333333333333,0.1856846658140653,5.045570088457023
*[Se]c1ccc(N(C)C2=CC(N)(C([2H])c3ccc(*)cc3)C2)c(CC)c1,370.37610177800013,1.8813999999999995,29.259999999999998,1,2,6,3,0.3,0.7872209505590577,5.363496405532706
*c1ccc(N(*)CCOC(=O)N(S)C(C)C=CC=CC(=O)OCC)cc1,362.4510000000002,2.4793000000000003,59.08,1,6,9,1,0.3333333333333333,0.31652011478048536,4.662428616956964
*CC(*)(OO[Si](C)(C)C[CH])C(O)C(F)(F)COC(F)C([2H])(F)F,337.33510177799997,2.6374900000000006,47.92,1,4,11,0,0.9090909090909091,0.2725057358856219,6.461268945828735
*C(=O)SN(CC(*)(C(=O)O)C1C=CC=CC1[CH])c1ccc(OC)cc1,343.4040000000001,3.6811900000000026,66.84,1,5,7,2,0.2777777777777778,0.7619161267053576,5.190732489373884
*[C](C(=N)N(C)CCOCCOCCOc1ccc(OC)cc1)C(*)[CH2],334.41600000000005,2.26945,64.01000000000002,1,5,13,1,0.5,0.3405317143436449,3.777944098844557
*C(=O)OC(C=[Se])=C(C)CCC=CC=C(/C=C/c1ccc(*)o1)ON,378.28600000000006,2.5086,74.69,1,5,9,1,0.17647058823529413,0.309377387985792,5.049696052230154
*CC(C)COC(=O)c1ccc(S(=O)(=O)CN(*)CCC)c(Br)c1,390.2990000000001,3.1171000000000015,63.68000000000001,0,5,9,1,0.5333333333333333,0.6066147064607025,4.128074336447838
*OO[Si](C)[Si]CNC(C)(C)Oc1ccc(/C=N/c2ccc(*)cc2)cc1,369.5490000000001,2.5085000000000006,52.08,1,5,10,2,0.2777777777777778,0.22984905702634473,4.484902682485796
*C(=O)C1=C*NC(/C=C/C(=O)OCCNC2=CC=CC(C)N2)C=C1,314.36499999999995,0.5525000000000002,79.46000000000001,3,6,7,2,0.29411764705882354,0.36181184156942886,5.499370806633554
*OCc1ccc(Cc2ccc(OC(O)COCCOO*)cc2)cc1,332.352,2.3846000000000007,66.38000000000001,1,6,12,2,0.3333333333333333,0.27857682805640616,3.7324556373060958
*CCCCCCCC(=O)NCCCSCCC[N+](C)=C(*)COC#N,354.5400000000001,3.011980000000001,65.13,1,4,17,0,0.8333333333333334,0.18869363060157815,4.077974905691269
*c1ccc(C(=O)Sc2cccc(=O)[nH]c3ccnc(*)c3cc2)s1,338.41300000000007,2.3907000000000007,62.82,1,5,2,3,0.0,0.7289571256891514,4.1770264631090015
*Nc1cccc(NCC/N=[C]2/C[S](=C)(O)[Fe]2([CH3])[CH2]O*)c1,338.2340000000001,2.6518000000000006,65.88000000000001,3,5,7,2,0.38461538461538464,0.4062645448267973,5.712580529547651
*C(C*N)OCCC1=CC(=COCCCCOCCOCCOC(C)C)C1,370.5100000000001,3.1145000000000014,72.17000000000002,1,6,19,1,0.8,0.2781945858960417,4.625524831745604
*OC(=O)N1CN(CCCCCCCCCCC(*)=O)CC1[SH](C)C,344.52099999999996,3.3361000000000027,49.85,1,4,12,1,0.8823529411764706,0.4356982538468774,4.682473370641151
*CC(CC(=O)N(C)C)C(C)(C)CCC[N+](C)(C)CCCNCC(=O)O*,356.5310000000001,1.918500000000001,58.64,1,4,14,0,0.8947368421052632,0.38155731300724616,4.576540192020651
*CC(*)C(=O)OCCCCN(C)CCNC1(C)CC(O)COC1Cl,348.871,1.2413999999999994,71.03,2,6,11,1,0.9375,0.33243926911113475,5.227169205981265
*c1ccc(NC(=O)C=C2C=CC(C=NC(=S)c3cccc(*)c3)=C2)nc1,343.41100000000006,2.2384000000000004,54.35,1,3,4,3,0.0,0.5262040672586215,4.389590297502357
*CC(=[C])NC(=O)CCCOC(=O)C1=CC=CC(c2ccc(C)cc2)C=C*1,348.4220000000001,3.732110000000003,55.4,1,3,8,2,0.2727272727272727,0.5751785883725814,4.605416360470045
*CCCCCCCCNC(=O)C1C(CC)CNCC(*)C1CCO,324.50900000000007,2.992800000000002,61.36,3,3,12,1,0.9473684210526315,0.48367560131391973,4.786234538883658
*OC(=O)CCCNC(=O)OCC[Si](C)(CCC[CH2])c1*ccc1C=CC,363.5300000000001,3.571290000000002,64.63,1,4,12,1,0.5263157894736842,0.45536004828815757,4.94530903275738
*CC[SH](C)(=O)CCCNC(=O)C(C)CN(C)C(=*)C=CC(=C)F,331.4770000000001,1.3933000000000004,49.410000000000004,2,3,12,0,0.625,0.3227845799457023,5.523329281502784
*OC(N)CNC1=C2N*=C3N(PO)[Si]3C(C=CC=C)C2C=C1Br,400.26900000000006,0.6545000000000005,82.55,4,6,7,3,0.3076923076923077,0.16530511357679006,7.086125809687693
*SC(C)c1ccc(S(=O)(=O)C(CNC(*)=O)c2ccccc2)cc1,347.461,3.719000000000002,63.24,1,4,7,2,0.23529411764705882,0.8290080207869761,3.8742572544172456
*O[Si](C)(C)CC[Si](OC=C)=C1C=CC=C2c3ccc(*)c(c3)SN21,357.5830000000001,3.6438000000000024,21.700000000000003,0,4,6,3,0.23529411764705882,0.44006992833306224,5.944120885568703
C[Si](C=CC=*C(=O)CCNC1C=[Si]CC(O)=*O[Si]1(C)C)SC#N,382.66600000000005,0.8810799999999994,82.35,2,6,8,1,0.5,0.4789841043118691,6.71840982549065
*C1=CC=CN(CCCCCNC(=O)c2ccc(OCCCC)c(*)c2)C=C1,352.4780000000002,3.716400000000003,41.57000000000001,1,3,11,2,0.4090909090909091,0.6173316947105357,3.558102929278048
*OC(=O)/C=C(C)/C=C/C(C=CC(F)(F)C=[SH]N*CF)C(=O)OCC,366.38100000000014,2.5665000000000004,64.63,2,5,11,0,0.4,0.11192415881516002,5.633100032910493
*NCCCCCCNC(=O)c1ccc(*)c(OCCNC(C)CCC)c1,347.5030000000001,2.3623000000000003,62.39,3,4,15,1,0.65,0.4263457830680777,3.6597863202067717
*CC(NCCSCCCCl)NC(=O)CCCCCCS(*)=O,354.96900000000016,2.5115000000000007,58.199999999999996,2,4,16,0,0.9285714285714286,0.2538799144561687,4.616188433354904
*CC(CCC(=O)OCC)C(CBr)=C(C(F)(F)F)S(*)(=O)=O,379.19399999999996,3.0039000000000016,60.440000000000005,0,4,8,0,0.7272727272727273,0.4806786422318173,4.625092362172049
*[Se]C(=O)C(C=C)[Si](*)(C#N)C(=O)OCCC(C)(C)c1ccccc1,392.3890000000002,2.8814800000000016,67.16,0,4,9,1,0.35294117647058826,0.4788136629863107,4.9475405969021455
*N(C=C1C=CC([Si](C)(C)C*OC(=O)c2cc[n+](C#N)cc2)=C1)CC,339.47100000000006,2.831480000000001,57.21,0,4,7,2,0.2777777777777778,0.5660881556722788,5.018866027925199
*O[Se](CO)CCCCCCCCCNC(=O)/C(C)=C(/*)C,349.353,2.6804000000000006,58.56,2,3,13,0,0.8,0.30533848808449066,4.138068741802141
*CCOCC1C=C2C=NC=CC=C(C1)C2=CCCC(=O)Nc1ccc(*)o1,350.418,3.5543000000000022,63.83,1,4,8,3,0.3333333333333333,0.729341483163279,5.762181070834887
*N(CC(C)C)c1ccc(C(=O)NCCOCCN(C)C(C=C=*)OC)s1,366.50700000000006,1.8320999999999998,54.040000000000006,1,6,13,1,0.6111111111111112,0.4263918313568666,4.5100984714268195
*Sc1ccc(C(=O)NCCCC(=O)OCc2ccc(*)cc2)cc1Cl,361.85,3.3244000000000016,55.400000000000006,1,4,8,2,0.2222222222222222,0.5785396780506908,3.1248986148588127
*CCCC(=O)CC1C=C[SH](C)(C)O*C(S)=CCN(C)CCOC1=O,375.5560000000002,2.8112000000000013,55.839999999999996,2,6,5,1,0.6470588235294118,0.5716192948492711,5.974358491540731
*[CH2][Fe][CH2]COCCCCCN1CCNC=CC=CC(NNC(*)C=O)C1,392.325,1.1114000000000015,65.63,3,6,14,1,0.7222222222222222,0.1782239193216101,5.833845444617741
*OC(C)C=C1C=CC(N(Cl)C=NCCNC(=O)c2ccc(*)cc2)=C1,343.814,2.3246,53.93,1,3,8,2,0.2222222222222222,0.3409731754755318,4.907467439202829
*c1ccc(Oc2ccc(C(=O)C=NC#CC(C#C)c3ccc(*)o3)cc2)cc1,351.36100000000005,3.052500000000001,51.8,0,4,5,3,0.043478260869565216,0.4032893161723503,4.625530550364587
*C(=O)PCN(C=CC=CC)c1ccccc1C(=O)c1ccc(*)o1,325.3040000000001,3.886700000000003,50.52,0,4,8,2,0.1111111111111111,0.4196815781136646,4.705022878524572
*CCCCOC(=O)N(CCCC)C(=O)OCCC(C)(C)N1CCN(*)C1,355.4790000000001,3.3176000000000023,62.32000000000001,0,6,11,1,0.8888888888888888,0.5299366319227068,3.993675857887917
*CC(=O)CCCC=CC=CCC(=O)N(CCCO)c1ccc(*)cc1C,341.451,3.094520000000002,57.61,1,3,12,1,0.42857142857142855,0.4693967020456202,3.9554059618380206
*C(C(=O)C=CC=C1CN(*)C(=O)C1=O)C1=C(C2NC=CC=CCC2C)C=C1,348.4020000000001,2.1858000000000004,66.48,1,4,5,3,0.2857142857142857,0.6108860231519849,5.663116645081262
*NC1=CC([SH]*)=C(COCC(F)(F)F)CN1C(=O)COC(F)=CCF,373.32300000000004,2.2837000000000005,50.8,2,4,9,1,0.46153846153846156,0.36998843850465263,4.980554544408715
*CCCCCN1CCC(OCCCCCCOC(=O)CCC(*)=O)OC1,355.47500000000014,3.1065000000000014,65.07000000000001,0,6,16,1,0.8947368421052632,0.3130530533754499,4.0157245372528845
*/C=C/C(OS(=O)(=O)C(C)C)C(=O)c1ccc(*)cc1Br,345.214,1.9928000000000001,60.440000000000005,0,4,6,1,0.3076923076923077,0.5844634124086244,4.854318439603277
*C(=*CCOCCOCC(O)CN(C)CC1COC1C)[Si](C)(C)C#N,356.53900000000004,0.8400800000000004,74.94999999999999,1,6,13,1,0.8823529411764706,0.3893119827577987,5.26431602133488
*c1ccc2o*(C=C)[nH]c(CC)cc(=O)c2c1,215.25199999999998,2.2084,46.0,1,2,2,2,0.15384615384615385,0.8343610601928912,4.673817272145762
*N(CC=O)C(=O)C1=CC(CCN2C(=O)*CCCC2(C)CC)CC=C1,331.43600000000004,3.258600000000002,57.690000000000005,0,3,7,2,0.631578947368421,0.6728780517959049,5.498787765229347
*CCCCCCCOC(=O)N(C)CCSCCNCCN(*)CC,345.55300000000017,3.081900000000002,44.81,1,5,17,0,0.9411764705882353,0.41050398009152494,3.746285521890928
*C1=N*C2=NC(c3ccccc3)=CC(=CC(O)=CC=COC(=O)CC=C1)N2,346.3660000000001,3.2771000000000017,83.28,2,6,1,3,0.05,0.7645982820198454,5.691167395621212
*CCCN(CNC(=O)CCCNC([2H])CCCC(C)O*)C[PH]([2H])=O,335.425203556,1.8430999999999993,70.67000000000002,2,5,17,0,0.9333333333333333,0.24109824193171261,5.950455349612237
*CCN(C=CC=C)C(F)=C(F)NN(CCCCCC(=O)O*)CCC[N+][O-],372.41600000000017,2.8881000000000014,81.97,1,6,17,0,0.5882352941176471,0.18297183887105303,5.10479096124608
*CC(C*)(CCSCCCO)OCCOCCSOCCOC,354.5340000000001,2.5105000000000004,57.150000000000006,1,7,19,0,1.0,0.2824446898324192,4.287968098107665
*CC(CCOC#CC)CCN(*)NCCC(C)NC(=O)OCCC(C)C,353.5070000000002,3.1696000000000017,62.83,2,5,15,0,0.8421052631578947,0.26894122540479043,4.948867241761713
*C(=O)CCCCCCCCCC(=O)N[Si](Cl)(CCC(F)F)C(*)=O,367.89600000000013,4.276600000000004,63.24,1,3,15,0,0.8,0.2667894507419428,4.395864065993819
*C(=O)c1ccc(C(=O)NCCC(=O)c2ccc(*)cc2)c(-c2ccccc2)c1,355.39300000000003,3.220500000000002,63.24,1,3,7,3,0.08695652173913043,0.6620665169803713,2.9346894993823884
*CC(O)CN(CCCN(C)CCO*)CC(=O)OCCc1ccc(C)cc1,364.4860000000001,1.514020000000001,62.239999999999995,1,6,15,1,0.65,0.47622504307494495,3.7922999646944477
*CCCN(C(CO)C(C)C*)S(=O)(=O)CBr,300.21799999999996,1.2929000000000002,57.61,1,3,9,0,1.0,0.652900246631682,5.476651605857991
*N[Si](C)CCOC(=O)OC[CH2][Sn]([*])([CH3])[CH2]CC,351.0870000000001,2.3494,47.56,1,4,9,0,0.9,0.5118810033025487,5.382667535372812
*C1=NC(COC(=O)C2C=CC(C)C(C)C=C2)CC(*C=CC=CC)=C1,324.444,4.3228000000000035,38.66,0,3,6,2,0.42857142857142855,0.414423308654572,5.773904545949375
*[SiH]([O])CCCN(CC#N)c1*ccc(=COC2=CC(=CC(CC)OC)C=C2)c1,382.5360000000002,2.885580000000001,65.39,0,4,11,2,0.38095238095238093,0.43597575397247396,5.943346321114304
*c1ccc(OC[Si](C)(C)CCCCOc2ccc(N)nc2*S)cc1,361.563,2.8791,57.370000000000005,2,5,10,2,0.3888888888888889,0.3880800437481709,4.028494821392006
*CCN(CCC)CCSS(=O)(=O)c1ccc(S(*)(=O)=S)cc1,365.56700000000006,2.3576000000000006,54.45,0,6,10,1,0.5384615384615384,0.593436358047819,4.237364183843564
*c1ccc(S(=O)(=O)c2ccc3cc2PCCN3C(=O)C(*)C(C)=O)cc1,373.3700000000001,1.2711999999999999,71.52000000000001,0,4,4,3,0.2222222222222222,0.5978296245620702,5.648946983223865
*C=CP(=O)(OCC)OCCCO*[Se]1=CC=C(CO)C=C1,366.232,2.0629,64.99000000000001,1,5,11,1,0.46153846153846156,0.34458462470952744,5.9820460870467365
*CC(CO)COc1ccc(N(C)CCc2ccc(C(=O)O*)cc2)cc1,341.40700000000004,2.9415000000000013,59.0,1,5,10,2,0.35,0.7199268847953247,3.5426041339719543
*C(C)C(*)C(=O)OCCS(=O)OC=CC=C(Br)C(F)=C[NH+],367.216,1.3223,76.4,0,4,9,0,0.4166666666666667,0.3499972614946975,6.348745414144838
*NC(=CCC(=O)NC(C)=C(*)C(=C)C(F)(F)F)C1C=CC(=CC=C[2H])N1C,352.37810177800003,3.2699000000000016,44.370000000000005,2,3,7,1,0.2777777777777778,0.691452036397041,5.813669451340857
*CC(C)(CN(*)CCN(C)C(=O)OCC(CC)CC)N1C=CCC1,323.48100000000005,3.203000000000001,36.02,0,4,11,1,0.8333333333333334,0.5848785629295243,4.761097067276997
*c1ccc(-c2ccccc2C=CC2=CC(=O)NNC(=O)C(*)C=C2)cc1,328.37100000000004,2.5228,58.2,2,2,3,3,0.047619047619047616,0.9095115037939634,4.796820415365049
*CC#CCCCNC(=O)C(O)CCC=C1C=CN(*)C1C=CC=CCl,346.85800000000006,2.8922000000000008,52.57,2,3,9,1,0.42105263157894735,0.3832656733433432,5.462913713596049
*O[Si](C)(F)c1ccc(S(=O)(=O)C=C2C=CC(CC(*)C#N)=C2)cc1,347.4430000000001,2.8212800000000016,67.16,0,4,6,2,0.1875,0.5861200357579344,5.194960303797533
C*[Si](C)(C)[Si](C)(C)OCCCNC(=O)C1=CC=CC(C)(O)O*C1,357.59900000000005,2.770600000000001,67.79,2,4,8,1,0.6875,0.5176549513800999,5.124390816854898
*C(C/C=C/CC*=NC1CC[N+](C)O1)COCCOCCOCCOCC,372.50600000000026,2.865100000000001,64.41000000000001,0,7,18,1,0.8947368421052632,0.2102706074417325,5.290783982821512
*Oc1ccc(C(=O)Nc2ccc(/C(C)=N/N=C/c3ccc(*)o3)cc2)cc1,345.35800000000006,3.3927000000000023,76.19,1,5,6,3,0.05,0.5494412910689463,3.2532556215857396
*CCCCCCNC(=O)N[N+]CCCCCNCCCCC1CC1O*,353.5310000000001,3.132600000000001,76.49000000000001,3,3,19,1,0.9473684210526315,0.2465862200622388,4.71473468139069
*C#Cc1c(Cl)cc(COC2C=C(*)C2=C[N+](=O)[O-])c(Cl)c1Br,387.016,4.106800000000001,52.370000000000005,0,3,4,2,0.14285714285714285,0.3384147389725423,5.241018278136368
*[Si](C)(CCCCCC[Si](*)(CC#N)COC(C)=O)CC(C)[O][Na],349.55500000000006,3.280680000000002,59.31999999999999,0,4,13,0,0.8666666666666667,0.29077792889981574,5.723664426597966
*OC(=O)C(=O)OC(CC(*)C(F)(F)C(F)(F)C(F)(F)F)C(C)C,340.191,3.1225000000000014,52.60000000000001,0,4,6,0,0.8181818181818182,0.4235218233005737,4.778420773367178
*C(=O)C=CC(=O)[As]C(C=C1C=CC(C(=O)*CCl)C=C1)OC,368.6480000000002,1.2982999999999998,60.44,0,4,9,1,0.26666666666666666,0.3495722185570354,5.850412074662422
*N(C)CC=CC1=C(NC=O)OCCOCCCC*C(CBr)=C1,372.28299999999996,2.5054000000000007,50.80000000000001,1,4,6,1,0.5625,0.5751396488048636,5.2102591780767975
*[C]=C(C=C(C#N)C[Si](C)(F)F)O[Si](*)(C)OC[Si](C)(C)C#N,343.5340000000001,3.102850000000002,66.03999999999999,0,4,8,0,0.5,0.22324703588776962,6.049775568795409
*CC(*)(C)C(=O)OCCCCC12CCCCC1OC(Br)COC2,375.303,4.092200000000004,44.760000000000005,0,4,7,2,0.9411764705882353,0.38198312011542596,5.274423877731968
*C(=O)C1(C)CC(C=CC(Br)C(=O)SS*C)OC1=O,352.25100000000003,2.6599000000000004,60.440000000000005,0,6,6,1,0.5454545454545454,0.24083295084819034,6.159213954646701
*[CH]C=CC=C(*)CCNC(C)COCCOCCOCCOCCC(C)C,368.5380000000002,3.1675900000000015,48.95,1,5,20,0,0.7619047619047619,0.2641922284779185,4.218216555212011
*CCCC(=O)NCCOCCCCNCCSSCCC(=O)N*,363.54900000000004,1.5888,79.46000000000001,3,6,18,0,0.8666666666666667,0.2534886697550374,3.6170133163499907
*CCCCCCCNC(=O)CSCCCSCCNC(=O)O*,348.5340000000001,3.067700000000001,67.43,2,5,16,0,0.8666666666666667,0.41966014607553176,3.5211314465239543
*Oc1ccc2c(c1)CC[PH](C)(O)OC(*)c1ccccc1CC(=O)N2,345.3350000000001,3.033500000000001,67.78999999999999,2,4,1,3,0.2777777777777778,0.7798466797941676,5.101709814653273
*C(=O)C(=CNC(=O)C=CC=CC(C=C)C=N*c1ccc(O)cc1)CCCl,371.84400000000016,2.7078000000000007,78.76,2,4,11,1,0.15,0.206258013559798,5.2568307339252165
*c1ccc(C(F)(CF)CCC(C#N)CC(O)N(*)C(=O)[O][Na])cc1,332.28200000000004,1.61038,73.56,1,4,8,1,0.4666666666666667,0.5797578673010123,5.84053062715428
*c1ccc2c(c1)C(=O)Oc1ccc(cc1C)*C=C=CC=CC=CC(=O)NC2,356.40100000000007,2.5101199999999997,55.400000000000006,1,3,0,4,0.08695652173913043,0.4483080751957313,5.699567764962527
*C1=NCC=C(c2cc3c(N(c4ccc(O)cc4)C(*)OCC)c(c2)S3)N1,351.4310000000001,3.713700000000002,57.09,2,6,6,5,0.21052631578947367,0.6631527832574129,5.387343177653935
*C(=O)OCCCOC=CC=C(C(=O)C1NCN(*)C1C)C(F)=CCl,344.77,2.2220000000000004,67.86999999999999,1,6,9,1,0.4666666666666667,0.299273504640769,5.584128855833732
*C#CC(CCC1=CC(=C[2H])C=C1)OC(=O)c1cc2cc*oc(=O)c1nc2C,347.36810177800015,3.364620000000002,69.4,0,5,5,4,0.19047619047619047,0.6126195243416515,6.585647772521502
*C1CCCN(C(=O)NCC2(C(=O)C*C(F)(F)C(F)(F)CN)C=CC2)CC1,378.39000000000016,2.725200000000001,75.43,2,3,8,2,0.7647058823529411,0.5037619204663593,5.085796974274503
*OC(C=C)=C(Br)C=CS(=O)(=O)CCCSC(*)=O,339.23200000000014,2.980900000000002,60.440000000000005,0,5,8,0,0.3,0.3865048084193783,4.956911097370672
*CCCCCCNC(=O)c1ccc(CN(CCC)C(=S)N*)cc1,333.501,3.4952000000000023,44.370000000000005,2,2,11,1,0.5555555555555556,0.4804913933099048,3.0936965109019177
*CCCCCS(=O)(=O)CC[N+](C)(C)CCC(C)(C)SC(=O)O*,352.54200000000003,3.1183000000000014,60.44,0,5,12,0,0.9333333333333333,0.3988412129583267,4.549445990803205
*CCOCCN(*)CCC[Si](C)(O)/N=C/C(C=COCC)C(=N)OC,357.52700000000016,2.0521700000000003,87.37000000000002,2,7,15,0,0.75,0.15395921947051847,5.712657402282435
*Oc1ccc(CS(=O)(=O)CC(C)(CO[N+](C)CC)C(*)CCCNC)cc1,384.5420000000002,2.5096000000000007,70.53000000000002,1,6,14,1,0.6842105263157895,0.30315549472989967,4.853325638242115
*N1CCC(C*C)OCCOCCCCCCCC(=O)CC(C)C1=O,340.48400000000004,3.5721000000000025,55.84,0,4,2,1,0.8947368421052632,0.7709344491511829,4.912123001586008
*OC#CC1C(Cl)=C(C=CC(=O)OCCOC(*)=O)Cc2ccccc21,344.75000000000006,3.0463000000000013,61.830000000000005,0,5,5,2,0.2222222222222222,0.3554159740651803,4.5317548996875505
*C(=O)CCCN1C#CC=CC=Cc2cccc(c2)CC(=O)N(*)CCC1C,348.4460000000002,3.002600000000002,40.620000000000005,0,3,4,2,0.36363636363636365,0.7856088085626703,6.362150613678946
*CCCCSCCNN(CCNC)COCc1cccc(C(=O)N*)c1,366.53100000000006,1.8617999999999995,65.63,3,6,16,1,0.6111111111111112,0.23577567328705437,3.9041207670328264
*C1=CC(/C=C/N=C/CC(=O)OCCCCCOc2ccc(*)s2)N=C1,344.436,2.8758000000000017,60.25,0,6,11,2,0.3888888888888889,0.35224689088510325,5.067056868075327
*/C=C(/*)CCC(=O)ONCCCCCCCOCCBr,334.2539999999999,3.1164000000000023,47.56,1,4,14,0,0.7857142857142857,0.30121465633376426,3.8154303218663284
*N(CC=O)CCC*C(=O)OCC(F)(F)C(F)(F)C(F)(F)C(O)(F)F,374.20399999999995,2.4726000000000012,66.84,1,5,12,0,0.8181818181818182,0.32304494660639116,4.573492426526597
*Cc1ccc(Cc2ccc(C(=O)NC(C)S(=O)(=O)*CC)cc2)c(C)c1,358.4830000000001,3.563920000000002,63.24,1,3,8,2,0.35,0.7846039759669097,3.8282109454392925
*NC(=O)CC(C)C(CC(C)(C)CC(=O)c1ccccc1)[Si](*)(CC)CO,361.5580000000001,3.6988000000000034,66.4,2,3,11,1,0.6,0.4664167872392172,4.7361244113690475
*CC(F)(CO)COC(=O)CCCCCCC(=O)C=Cc1ccccc1*,348.414,2.9955000000000016,63.6,1,4,13,1,0.5,0.33810677954754514,4.106126878911226
*CN(C)C(=O)OC1=CC(CI)C=C1OC(C)O*,351.1400000000001,2.2377000000000002,48.0,0,4,6,1,0.5454545454545454,0.4184402867630053,5.676887422910113
*C1=CC=CSC[Si](*)(C)C(=O)C(C(=O)c2ccc(S(=O)[O-])cc2)=C1,361.4960000000001,2.499500000000001,74.27,0,5,3,2,0.125,0.35784452597362315,5.9253274018662125
*CC(C=CC(=O)CC(=O)S*)=CC=CS(=O)(=O)c1ccccc1,334.41800000000006,3.1075000000000017,68.28,0,5,8,1,0.125,0.4149951740054119,4.079294342451557
*CCC[N+](C)(C)CC*CCCNC(=O)CCCC[SH](=O)(O)Cl,356.9599999999999,2.662200000000001,66.4,3,2,15,0,0.9333333333333333,0.18279121148960395,5.007823809907178
*N(CCC1(C=O)C=CC=CN2CC(C2=O)c2cccc1c2)C(=O)*C,323.37200000000007,2.5421000000000005,57.690000000000005,0,3,5,4,0.3157894736842105,0.6179201271779756,6.619236369022814
*N1SC(S)C(*C=C)=C1CNC(=O)C(C=N)=CC=COCCC,338.4780000000001,2.7429700000000015,65.42,3,6,10,1,0.3333333333333333,0.10898086596621147,5.751193916867419
*CCCC(C=CCOCCCCCOCC)=CC=CCC(=O)N(*)C#N,346.47100000000006,4.160480000000003,62.56,0,4,16,0,0.6,0.1821471696584131,4.185905921352191
*C1=CC(COO[Si](C)(C)[Si]CCC(*)C)OC(=CC=CC(C)(C)C#N)N1,376.605,3.8331800000000023,63.510000000000005,1,5,10,1,0.6111111111111112,0.3565195188276086,6.299787003673255
*OC(C)Cc1ccccc1C=C(*)CCCOC(CCS(=O)(=O)O)OC,370.46700000000004,3.0359000000000007,82.06,1,5,13,1,0.5555555555555556,0.32646118913927424,4.565572023466493
*C1=CC([Si](*)(CC)c2ccc([N+](=O)[O-])cc2)=CC=CO[Si](C)(C)C1,343.5310000000001,3.9643000000000024,52.370000000000005,0,3,4,2,0.29411764705882354,0.47216406518215953,5.527187242268752
*N(CCCC)CCOS(=O)(=O)c1c*c(OCC(S)S)cc1,351.51499999999993,2.2417000000000007,55.84,2,7,11,1,0.6153846153846154,0.3637633886872143,4.5929287839628445
*C(C*C)S(=O)(=O)OCCOC1=CCCC2=C(C=C2)/C=N\C=C1,322.40599999999995,2.9048000000000016,64.96000000000001,0,5,8,2,0.4375,0.5089656049454424,5.6245124752405005
*N1C(=O)C=CC=C(CCC=O)*C=CCC1C,218.276,2.0894,37.38,0,2,3,1,0.38461538461538464,0.6800936724417218,5.787496644753709
*C1C=CC2=N[SH](Cc3ccccc3S(=O)(=O)CCC1=O)N(*)C2,336.43800000000016,1.8791999999999998,66.81,1,5,0,3,0.3333333333333333,0.7347534448766572,6.576780038381048
*C(C=O)C(*)(Cl)N(C)C#N,144.561,0.37788,44.1,0,3,3,0,0.6,0.18914240799104187,6.279793868473172
*CCCC(=O)CCCCS(=O)(=O)CCC*N,248.36799999999994,1.6555,77.23,1,4,12,0,0.9090909090909091,0.5327355900515023,4.159047451109654
*CN(*)c1ccc([N+](N)=CC=COC(=O)N(C)c2ccccc2)c(N)c1,338.3910000000001,2.4215,87.83,2,5,6,2,0.1111111111111111,0.2108734770983547,4.150525961838021
*NC(CCCCCCC(=O)OCCCOCCOCCN(*)CC)OC,360.4950000000002,2.106099999999999,69.26,1,7,20,0,0.9444444444444444,0.20251982540647662,4.001611421421348
*O[Si]1(C)CC(C(=O)NN2C*OC(C=[C])=Cc3ccccc3C2)=CCO1,355.44600000000014,2.2240900000000003,60.03,1,5,4,3,0.2777777777777778,0.8395233845732659,5.987408027752663
*c1cccc(OC2=CC=CC(C=NC=C(O)*CN(C)C(=O)OC)C=C2)c1,353.3980000000001,3.0345000000000013,71.36,1,5,7,2,0.2,0.6040995602699112,5.150201170596627
*N([2H])S(=O)(=O)C=CC(*=C)[Si](c1ccccc1)C(C)C=O,295.434101778,0.7194999999999994,63.24,1,3,8,1,0.23076923076923078,0.5676273933543418,5.5787741688064205
*CCCOCCN(*)CCC(C)OC(=O)C(C=C)=CCN(CC)CC,338.49200000000013,2.9030000000000014,42.010000000000005,0,5,16,0,0.7368421052631579,0.1873114650754464,4.706453903828307
*OC(=O)N(*)[PH](CCCC)CCC(=O)NCCCc1ccc(F)cc1,355.37,3.5611000000000024,58.64,1,3,11,1,0.5294117647058824,0.48769937687917014,4.138544098844558
*CC/N=C\C=c1c2c(C(=O)O)c(C)c(=CCC(=O)C=CC=C(*)NCC)c1=CC=2,376.4560000000001,0.38282000000000155,78.75999999999999,2,4,10,2,0.2608695652173913,0.3516506021137577,5.634818568930198
*[C](CCC(*)=CF)C(=O)C=CC(Br)=CC(Cl)=C[N+](=O)[O-],349.56300000000005,3.9690900000000022,60.209999999999994,0,3,8,0,0.16666666666666666,0.2882240221492828,5.151742641411191
*OS(=O)(=O)Cc1ccc(CN(*)CCOC(C)(C)c2ccccc2)cc1,361.46299999999997,3.2155000000000022,55.84,0,5,10,2,0.3684210526315789,0.6503213443293249,3.392473038761098
*OC(=O)CN(NC(*)C)C(C)O[Si](C)(C)CCCCCN(C)C,331.53300000000013,1.9953999999999994,54.04,1,6,13,0,0.9333333333333333,0.24105704502427647,4.968741354480979
*C(NCCOCCCCCOCCN(*)C)C(=O)/C=C/c1ccccn1,347.459,1.7284999999999997,63.69,1,6,16,1,0.5789473684210527,0.3629091206022166,3.9958705911989387
*CCCCCCN(C)CCNC(=O)CCSC(=O)OC(C)CN(*)C,359.5360000000002,2.6069000000000004,61.88,1,6,15,0,0.8823529411764706,0.358180621008091,4.218031801986486
*[C]=C(*)O[Si](Nc1ccccc1-c1ccccc1)C(=O)C1=C(C=CC#N)C=C1,366.4520000000001,4.025470000000002,62.12,1,4,8,3,0.0,0.4353081383799703,4.2256221040976865
*CCOCCOC1C=C(OCCOCCCCC)C(c2cccc(*)n2)=CN1,374.48099999999994,2.6345,61.84,1,6,15,2,0.5714285714285714,0.4763800654370526,4.551079530902124
*C(C)C=CCCN1CC*CCCCCNOCCC(=O)NCCCC1=O,366.5260000000001,3.0322000000000013,70.67,2,4,4,1,0.8,0.750459765286426,5.232198109578302
*O[Si](*)(C)O[Si](C)(C)C/C=N\Nc1cccc(F)ncc(C)cc1,351.5300000000001,3.8718200000000023,55.74,1,5,7,1,0.3333333333333333,0.4601546784354675,4.766137468513098
*C(=O)OC[Se]CC(=O)c1ccc(C#N)cc1-c1ccc(*)cc1,356.23900000000003,2.3484800000000003,67.16,0,4,6,2,0.11764705882352941,0.4527390910258624,3.9778061679395016
*CCCNC(=O)c1ccc(CCSCCSNC(=O)N(*)CC)cc1,367.54,3.1938000000000013,61.440000000000005,2,4,12,1,0.5294117647058824,0.4398989716702417,3.6184400268714585
*COCCCCCCCCCOC(C=COCCOCC)=CC=NC(*)=N,366.50200000000007,4.2626700000000035,73.13,1,5,19,0,0.7,0.12182991200907653,4.074188890816508
*SSC(=O)c1ccc(CNC(=O)CCC2=CCN(*)CC2=O)cc1,348.44900000000007,2.3442999999999996,66.48,1,6,7,2,0.3125,0.763171184512538,3.7363657416711478
*NCCCCCC(=O)CC*C(=O)CCCOCCCCCN1CC1C,353.5270000000001,3.261000000000002,58.410000000000004,1,5,20,1,0.9,0.2688662690569038,4.406546484567271
*CC(*)=C(OC#CC[CH2][Na])C(=CC=CC#CC1C=C(O)COCC1)OC,348.3740000000002,3.2376000000000023,47.92,1,4,6,1,0.4,0.3464796514677413,5.980857170409202
*/C=C1\N(C=CC=CC[N+](=C)C2=NC(*)=C2C)C(=O)C2CCC12CCSC,354.49900000000014,3.3447000000000022,35.68,0,3,7,3,0.45,0.399273088319229,5.909129545296016
*OC1C=CC(=CCC(=O)OC(C)NC(=O)CCCN(C)c2ccc(*)o2)C=C1,372.42100000000005,1.968,81.00999999999999,1,6,10,2,0.4,0.4995691828827726,4.975930385602977
*N1CCC(C(=O)*CN(C)C(=O)OC2=CC(=COCCCCC)C=C2)CC1,361.4620000000002,3.3446000000000025,59.08000000000001,0,5,10,2,0.6,0.4411172163028418,4.3577722963666545
*CCNCCNC(=O)C(N=CCC)N=CC(CCc1ccccc1)N(*)CC,371.52900000000005,2.325100000000001,69.08999999999999,2,5,15,1,0.5714285714285714,0.3672010227880613,4.809027184153703
*CC(*)OCCOC(C)COCCN(CC)C1=CC=C(C(=O)NCCC)CC1,380.52900000000017,2.7199,60.03,1,5,16,1,0.7619047619047619,0.41733432343891835,4.643697769936486
*Nc1ccc(OSCN=C(C)N(C)c2ccc(*)[nH]2)cc1C(C)C,330.45700000000005,3.728200000000002,52.65,2,4,7,2,0.35294117647058826,0.3514716439885651,4.470342874972628
*NC(=O)c1ccc(CC(=O)NC(C)CCN(*)c2ccc(F)cc2)cc1,341.386,2.428000000000001,61.440000000000005,2,3,8,2,0.2631578947368421,0.7751666042480067,3.4740554942958415
*[C]=CC=C1C(=O)C(C=COCCCC)S1=CC=CNc1cnc(*)nc1C,368.482,2.9881100000000007,64.11,1,5,9,2,0.3,0.31416996593982294,5.808947003485798
*C(=O)CCC(C)(C)CC(=O)CN(*)c1ccc(OC(C)CCCCO)cc1,361.4820000000002,3.7287000000000026,66.84,1,5,14,1,0.6190476190476191,0.5115287582134631,4.051197255258135
*NC(=S)c1ccccc1CC(=S)NNC(=O)C1C=CC1=CC=CN(*)CC,384.5300000000001,2.319,56.4,3,4,7,2,0.21052631578947367,0.4955443510658215,4.883421266469596
*CCC(F)(F)C(F)(F)N(F)N(CCl)C(*)(C)C(=O)C(=O)OC,338.66000000000014,2.1796000000000006,49.85000000000001,0,5,9,0,0.8,0.12263513960047444,5.2655626819498735
*CCN(C=C)CNC(=O)COCC#CCc1ccc(-c2ccc(*)nc2)cc1,361.44500000000005,1.9724999999999997,54.46000000000001,1,4,10,2,0.2727272727272727,0.3993911254870522,3.986479008638927
*C(=O)C=CC1=CC(CCC(=O)C=CC=CSC(=O)c2ccc(*)cc2C=O)=C1,376.43300000000016,3.464800000000002,68.28,0,5,10,2,0.09090909090909091,0.35532307759871623,4.583682036905841
*CCCCCCC(CC)C(=O)CCN(CC)CC(=O)N1CCN(*)CC1,351.53500000000014,2.8203000000000014,43.86000000000001,0,4,14,1,0.9,0.4514877891100486,4.048632109680457
*CC(*)C(=O)OCCCCCC(F)(F)C(F)(F)C[SH](=O)(F)C(=O)O,368.32,3.245200000000002,80.67,2,4,11,0,0.8333333333333334,0.19239770367777922,5.055910316711386
*C(F)(F)C(C#N)N(C)[Si](C)(C)C(=O)OCCC[Si](*)(C)C#N,331.47100000000006,2.45336,77.12,0,5,8,0,0.75,0.5041856338513182,5.641377955901323
*CN(*)CCC(=S)OC1=C(C=CS(=O)(=O)C2=CC=COCC2)C(C)=C1,365.47600000000017,2.9540000000000015,55.84,0,6,8,2,0.35294117647058826,0.6166104231477283,5.119802566386737
*CCCOc1ccc(CCNC(=O)c2ccc(C3C=CC=C3*)nn2)cc1,347.418,3.2722000000000016,64.11,1,4,9,3,0.2857142857142857,0.7072521395475175,3.889999504470911
*C(=CC)C=C1*C(O)COC(Cc2ccccc2)=NNC(=O)C1c1ccccc1,375.4480000000001,3.2132000000000014,70.92,2,4,4,3,0.21739130434782608,0.8620216878352749,4.949078626292645
*CCCNNC(=O)c1ccc(Cc2ccc(CCN(*)CC)cn2)cc1,338.45500000000004,2.5932000000000004,57.26,2,4,11,2,0.4,0.48837570639704714,3.380349538261598
*N(CC)C(=O)CCCC(=O)NNC(=O)CCCCCC([CH2])*C1=CCCC=C1,375.51300000000015,3.508890000000002,78.51,2,3,13,1,0.6190476190476191,0.38187440230010156,4.427691069363662
*CN(CC)C(=O)CCSCC(*CS(=O)(=O)C(C)(C)C)CC=C,348.55400000000014,3.0854000000000017,54.45,0,4,12,0,0.8125,0.40164259880181874,4.74395345732696
*OCCCCOCCN(CCO)C(=O)OCCCCN(*)CC(C)C,346.46800000000013,1.8974999999999997,71.47,1,6,17,0,0.9411764705882353,0.40567151944624713,3.6159160279251994
CCN(*C(C)(CNc1[c]cccc1)COCCOC)C/C=C/*CC=N,346.49500000000006,3.728760000000002,57.580000000000005,2,5,16,1,0.55,0.35366373374575083,5.675835226563574
*N*C(=S)OCCCN(C)C(=O)CCCCCC(=O)CC=[Si](C)C,357.57200000000006,2.2382999999999997,58.64,1,5,14,0,0.75,0.293462681172297,4.179297163778452
*Oc1cc(C(=O)c2ccc(*)cc2)ccc1C(=O)[N+](C=C)=CC=COC,334.3510000000001,2.4624000000000006,55.61,0,4,7,2,0.05,0.3377739273449712,4.2777518079918675
*C(=O)OCCOC(CO)N(CCCCOCC)CN(*)c1ccccc1C,366.4580000000001,2.3628199999999993,71.47,1,7,15,1,0.631578947368421,0.3773216097446476,4.193314757593856
*c1ccc(C(=S)N(*)c2ccc(C(=O)c3ccc([N+](=O)[O-])cc3)cc2)cc1,360.39400000000006,3.6468000000000025,63.45,0,4,5,3,0.0,0.3007702579482236,3.209408136378638
*c1ccc(C=CS(=O)(=O)CC=CC=C2C=C(c3ccc(*)s3)O2)cn1,355.44000000000005,2.3892000000000007,56.260000000000005,0,5,6,3,0.05555555555555555,0.7983690423903242,4.605750458905177
*C[N+](C)(C)C#CC=C(C#N)C(=CC=CN(C)Cc1ccc(C(=O)O)cc1)O*,364.42500000000007,2.6891800000000003,73.56,1,4,8,1,0.23809523809523808,0.25239800755291597,4.413153529116162
*CCCCOc1ccccc1CC(=O)N(*)C(=O)CC(=O)c1ccccc1,351.40200000000004,3.4482000000000017,63.68,0,4,10,2,0.2857142857142857,0.37358731097923037,3.0680328611183594
*NC(CCCCNC(=O)Cc1ccc(C(*)=O)cc1)C(=O)c1ccccc1,350.41800000000006,2.5105000000000004,75.27,2,4,11,2,0.2857142857142857,0.4822803348073655,3.295897957354174
*CCCCCCCC(=O)NC(CCC)C(=O)NCCSCC(*)=S,358.5730000000001,3.305600000000002,58.2,2,4,16,0,0.8235294117647058,0.3282426568266074,3.7959222000725887
*/C=C/C(=COS(=O)(=O)OCCCl)C(*)=Cc1ccc(Cl)cc1,347.21899999999994,3.693900000000003,52.60000000000001,0,4,8,1,0.14285714285714285,0.4088355941605143,4.209851860885921
*C(=O)CN(*)C(=O)N(CC)CCOC(=O)c1ccc(Cl)cc1Cl,345.182,2.4343000000000004,66.92000000000002,0,4,7,1,0.35714285714285715,0.7121763378922763,3.3304099674515566
*CC(*)(C#N)C(=O)Oc1c(Br)cccc1I,377.96299999999997,3.1582800000000004,50.09,0,3,3,1,0.2,0.4615543162830173,4.575575806606069
*c1ccc(CCC(=O)NCCC(=O)SC2=CC=C/C(C#N)=C/*C2)cc1,351.4510000000001,2.924380000000001,69.96000000000001,1,4,7,2,0.25,0.8199001978746486,4.27421767012973
*Oc1ccccc1C(C)(C1CC=CCC1)S(=O)(=O)c1cccc(*)n1,341.4320000000001,3.144700000000002,56.260000000000005,0,4,5,3,0.3157894736842105,0.7841281461663971,4.692483365861593
*CC(*)C(=O)Sc1ccc(S(=O)(=O)Oc2ccccc2[O])cc1,335.382,3.5222000000000024,80.34,0,5,6,2,0.13333333333333333,0.5958008095801989,4.105198811972313
*CC(*)(BC(=O)N1CCC1C)C(=O)OCc1ccc(C[N+](C)(C)C)cc1,343.2560000000001,2.2198,46.61,0,3,8,2,0.5789473684210527,0.41310904420463873,4.665358552672201
*C1=CC2CC(C)c3ccccc3*NN2C=C(OCCOC=O)CC1,327.4040000000001,2.2523,50.800000000000004,1,5,5,3,0.42105263157894735,0.6639521966027475,5.306572149844731
*OC(=O)C=C1C=CCC(C)[Si](*)(O)c2ccc(Br)cc2N=C1,364.271,2.626100000000001,58.89,1,4,1,2,0.2,0.6157300051756892,5.755863482296242
*CCOCC(O)COC(=O)CCCCCCCNC1C=CN(*)CC1,340.46399999999994,1.8571999999999997,71.02999999999999,2,6,15,1,0.8333333333333334,0.3501986738820024,4.509389896206477
*N(C)C=C1C=CC(C(=O)Oc2ccccc2C(=O)C=C2C=CN(*)C=C2C=O)=C1,372.38000000000005,2.853700000000001,66.92,0,6,6,3,0.045454545454545456,0.2515186876977308,4.260148208562367
*CC(CCl)CNC(=O)CCCCCC(=O)CN(CCCN(C)C)O*,361.9140000000001,2.0944000000000003,61.88000000000001,1,5,17,0,0.8823529411764706,0.2440571496552998,4.190674922246507
*CC(*)C(C)=NC=NC(=O)c1ccccc1C(=O)I,354.147,3.196600000000002,58.86,0,2,5,1,0.23076923076923078,0.35293173748977325,4.852036815028745
*[C]=C(C=CC(C=COCN(*)CCCOCCOC)C(N)=O)SCC,355.4800000000001,1.8982899999999996,74.02000000000001,1,6,16,0,0.5882352941176471,0.19725913311755608,5.09592679115225
*OCCC(=O)N[N+]1CC=CN(C(C)C)CC(C)(Nc2ccc(*)cc2)C1,344.4590000000001,1.3117999999999999,59.50000000000001,2,5,7,2,0.5263157894736842,0.7325206410496344,5.18773303275738
*c1ccc(NC(=O)C=c2cc*c(C[SH]([NH])(=O)Cc3ccccc3)c2)cc1,364.47,1.9141000000000001,69.97,2,2,6,3,0.09523809523809523,0.6562165522453024,4.536967160047278
*=CN(C=CC=C(F)CCC(=O)*=C)CC=CC1=C(C=CN(C)CC(=O)C#N)C=C1,380.44300000000015,2.749080000000001,64.41,0,5,14,1,0.22727272727272727,0.34248634100515496,5.439761891867014
*[N][N]C(C=CC)C=CC(=O)C(C)NC(CCC=CO*)=C(C)C=CCCCOC,387.5240000000002,3.654200000000003,75.76,1,4,17,0,0.5,0.1032003892615716,5.528024685704989
C*NC(=O)S(=O)(=O)CCC(Cl)(CF)CC*CC(C)(C)[SH]C,362.9400000000001,3.681700000000003,63.24,2,3,11,0,0.9230769230769231,0.33455381397409,6.0949051515855
*c1ccc(/N=N/C(=O)c2ccccc2C2C=CC([Si](*)=S)C=C2)nc1,347.4750000000001,3.9951000000000025,54.68,0,4,4,3,0.1111111111111111,0.4771823932839002,4.549272940607112
*N(CC)c1ccc(C(=O)CN(C)C(=O)OC(=S)CCC*CC)cc1,349.47600000000017,4.277400000000004,49.85000000000001,0,5,10,1,0.5,0.3584460345241753,4.12215733345066
*CPCC(c1ccccc1)C(COCC(C)COC(=O)CCC(*)=O)[NH][Na],387.3920000000001,2.0491999999999995,64.63,1,5,15,1,0.5789473684210527,0.28353925897039783,5.198375479660465
*OC(=O)c1ccc(N=CC(C=C[Si](C)(C)C#N)c2ccc(*)cc2)nc1,347.45000000000005,3.229980000000001,75.34,0,5,6,2,0.15789473684210525,0.5937322924819632,5.023851801988149
*CCOC(=O)CCCCc1ccc(OCC[N+]OCCOC)c(O*)c1,352.40700000000015,2.3145,77.32000000000001,0,6,16,1,0.6111111111111112,0.25809094208299477,3.850095592207653
*OC(C(F)F)C(*)C(F)CS(N)(=O)=O,219.18399999999997,0.06540000000000024,69.39,1,3,6,0,1.0,0.6866005515305762,5.775706412409786
*C#CC(=CO)CC(=CC(Br)=C(*)N=CC#C)C(=O)OCCCC,362.2230000000002,3.415600000000002,58.89,1,4,8,0,0.29411764705882354,0.1369366454453075,5.021169372037355
*C(=O)CNS(=O)(=S)c1cccc(N(*)C(=O)C2C=CC=CC2C)c1,348.44900000000007,1.5478999999999998,66.48,1,4,6,2,0.25,0.8469893113980009,5.1231788712280295
*ON(CC(C)CC)[Si](=O)c1ccc(OC(=O)CCS(*)=O)cc1,341.46100000000007,1.0647999999999997,72.91,0,5,10,1,0.5,0.2742421614809353,4.9646234170338115
*/N=C\C=C\c1ccc(-c2ccc(OCn3on3-c3ccc(*)nc3)cc2)cc1,356.385,3.693200000000002,57.48,0,4,7,4,0.047619047619047616,0.47460847277362755,3.8254013921094607
*NS(=O)(=O)C(=CC=C/C=N/C1=C2CC(CCCN(*)C)=CC=C21)CC,345.4680000000001,2.991500000000002,61.77,1,4,10,2,0.3888888888888889,0.4889799356577168,4.933152566386738
*C1=CC=CC=CN=CC2=CC(=S)C(N1)NC(*)(O)O2,261.30600000000004,0.47359999999999985,65.88000000000001,3,6,0,2,0.16666666666666666,0.5533174335650026,7.078060417842169
*CCC(=O)C=CC=NCC1=CC=C(OCC#CCCCOCO*)C1O,345.3950000000001,1.9802000000000004,77.35000000000001,1,6,13,1,0.47368421052631576,0.18155602216593564,5.2266066551350026
*CCCCCCCC(*)(COC)COCCOCCOCCOCC,346.50800000000015,3.735300000000003,46.150000000000006,0,5,21,0,1.0,0.29634841024652525,4.053558547909007
*CC(C)(C)SC(=O)CCSCCCC[SH](C)(=O)CCS*,356.644,3.739900000000003,34.14,1,5,13,0,0.9285714285714286,0.4015428980729735,5.2888602541880605
*C1=CC=*C(C)(C)C(CC(C)CS(=O)(=O)CCC([C]=O)CCl)C1=O,359.89500000000004,2.500000000000001,68.28,0,4,9,1,0.7058823529411765,0.5930051585612471,5.8225587766167575
*/C=C/SCCOCCOc1ccc(C2CN(*)CCN2C(=O)C#N)cc1,359.4510000000001,2.0088799999999996,65.80000000000001,0,6,9,2,0.4444444444444444,0.4963489429229857,4.352060201588549
*Oc1ccc([NH+](CCCC(O)COc2ccccc2)c2ccc(*)o2)cc1,352.41000000000014,2.3655,56.27000000000001,2,4,10,3,0.23809523809523808,0.5881816523131959,4.866681418718947
*c1ccc(NCC(=O)Nc2ccc([Si]3([2H])*C=CC(OC#N)C=C3)cc2)cc1,361.4751017780001,1.4165799999999995,74.15,2,4,6,3,0.1,0.6027639425278799,5.28047989330174
*CCCC(C)NC(=O)c1ccc(NC(=O)CCC[Si](*)(C)C)cc1,332.52000000000004,4.025800000000003,58.2,2,2,10,1,0.5555555555555556,0.6356618864068524,3.5668744428426074
*c1ccc(C(C)COC=CC=CNCC2C=CC=C(N3NC(*)O3)O2)cc1,353.4220000000001,1.9793999999999996,54.99000000000001,2,6,9,3,0.3,0.5230354963955659,5.7362396480398425
*/C(=C\c1ccc(C=CC=C2N=CC(Sc3ccc(*)cc3)O2)cn1)NCC#N,372.4530000000001,3.291080000000002,70.30000000000001,1,6,7,3,0.09523809523809523,0.7554391020216272,4.971315245187837
*C(=C)CC(I)(C#N)COC(=O)C1CCC1C(*)=O,345.13600000000014,1.78218,67.16,0,4,6,1,0.5833333333333334,0.4181768932238295,5.479999393055541
*C1=CC(S(=O)(=O)c2ccc(C(=O)NC3=CC=C(*)C3)cc2)=CC=CC1,337.4000000000001,3.1879000000000017,63.24,1,3,4,3,0.10526315789473684,0.9176197229138605,4.008575327187581
*OC1=CC=CC([SiH](O)C=Cc2ccc(CC(C)CCCNO)cc2)C=C1*,369.53700000000015,3.630700000000002,61.72,3,4,10,2,0.3333333333333333,0.3347811233526865,5.29896792213916
*NC(=O)CC1=C([N+](C)Nc2ccc(*)nc2)C=CCC(C)=CCC=CCO1,352.43800000000016,2.4043,69.15,2,5,5,2,0.3,0.4850395402977723,5.199118405260697
*N=[PH](OCCCCC)OCCOCCOCCCCOCCO*,353.3960000000002,3.2128000000000014,67.74000000000001,0,7,20,0,1.0,0.24727371633156248,4.422556230172924
*NC1=CC(=O)CCC1=CC=CCCCCCOc1ccc(C(*)=O)cc1,337.419,4.098600000000004,55.4,1,4,10,2,0.3333333333333333,0.6532055455430729,3.588876211588272
*CCOCCOCCCCCCSCCSCCNC(=O)O*,351.53400000000005,3.2045000000000012,56.790000000000006,1,6,18,0,0.9333333333333333,0.3827636987194028,3.6605705966321587
*OC(C)(N)[N+](C)(C)CCOC(=O)C1=CC=C[Si](*)(CCC)CC=C1,337.51600000000013,2.215699999999999,61.550000000000004,1,4,8,1,0.5882352941176471,0.31922306904985165,5.639881354651857
*c1ccc(C(C)C)c(C=CN2ON(Cc3ccccc3*)C(C)C2=O)c1,334.4190000000001,2.7094000000000014,32.78,0,3,5,3,0.2857142857142857,0.8427847402064969,4.736335494295841
*CCCC(C)CCCCCNC(=S)CC(=O)NCCCCCCN*,355.59200000000027,3.968300000000002,53.160000000000004,3,3,18,0,0.8947368421052632,0.2571829251242695,4.0059879871480355
*OC1=CCC(CC(=O)OCCN(CC)C(=O)Nc2ccc(*)cc2)C=C1,342.395,2.589200000000001,67.87,1,4,8,2,0.3684210526315789,0.7375218324915555,4.200524174457785
*SC([C]=[SH]*)CN(C)S(=O)(=O)CCCCCCOC(C)=O,340.5120000000001,1.5466,63.68,1,5,12,0,0.8333333333333334,0.25269325486234934,4.567026688862309
*C(=O)OCCCCOCCOC(=O)C1=CC=CC2(C=C1)C=C(*)C=C2C,342.3910000000001,3.444200000000002,61.830000000000005,0,5,9,2,0.4,0.47435561524045444,5.105792629992528
*OCCCCN(CCl)CCCCCCOC(=O)NOCCN(*)C,351.87500000000006,2.3601,63.27,1,6,17,0,0.9333333333333333,0.1877553373898659,3.901451455956863
*CC(F)(F)C(*)(F)C(C)(C)C(=O)N(CC)C(=O)C(O)CCOC(C)C,353.38100000000014,2.3817000000000004,66.84,1,4,10,0,0.875,0.6548276312933524,4.820381995998577
*C(=[N])NCCCC(=O)OCCC1*OC(CI)C1,352.172,1.0072999999999994,69.86,1,3,8,1,0.8181818181818182,0.17679490120559369,5.263665020451307
*C1=NC(C#Cc2cccc(*)n2)=C(CC)CCCCCNC(=O)CCO1,337.423,2.274,63.58,1,4,1,2,0.45,0.7997794072605073,4.559423438351785
*c1ccc(NC(=O)P(*)C2=C(C=COC=O)N(C=C)C(=O)C=CC=C2)cc1,366.3130000000001,3.335700000000002,75.71000000000001,1,4,7,2,0.0,0.45624995799669726,5.228460319724034
*C(=CC=CCC=CC(Cl)=C(*)O)NC(C=COC)COC(=O)CCC,353.84600000000023,3.8564000000000034,67.78999999999999,2,5,12,0,0.3888888888888889,0.31663748792967383,4.934295290610538
*N(*)CCCCOCCOCCOC(=O)c1ccc(NCC(C)C)cc1,350.45900000000006,2.955300000000001,60.03,1,6,15,1,0.631578947368421,0.38761110804963256,2.925444990178102
*C(=O)CSCCS(=O)(=O)Cc1ccc(Oc2ccc(*)cc2)cc1C,362.4720000000001,2.6858200000000005,60.44,0,5,9,2,0.2777777777777778,0.6420340394367972,3.465981412540584
*CNC(O)(CN(C)C)C(=O)C=CC(C=CC)NC(=S)SS*,347.53100000000006,1.1231999999999998,64.6,3,7,10,0,0.5384615384615384,0.17866089303454158,5.756616113052257
*CSCCOC(=O)C(=NC=C/N=C/c1ccccc1)c1ccc(*)nc1,351.4310000000001,2.4188,63.91,0,6,9,2,0.15789473684210525,0.3953550067791292,4.155954364204886
*c1ccc(P(=O)(CCCC=O)c2ccc(CN(*)CCC)cc2)nc1,342.37900000000013,2.2255000000000003,50.27,0,4,10,2,0.3684210526315789,0.37741310350087426,4.611429083038447
*CCCC(=O)OC(=O)CSSCCC(CCC)C(=O)S*,336.50000000000006,3.715900000000003,60.440000000000005,0,7,12,0,0.7692307692307693,0.2328731990710225,4.72518258195227
*OC(OCCCCCC)C(CCCNC(=O)C#CC(C)=CC=CC)C(*)=O,361.4820000000001,3.5046000000000017,64.63,1,4,14,0,0.6190476190476191,0.22253963287789252,4.805355056192585
*N[PH](=[N][GeH])N(*)CCN(C)C1=CC(=CC)C=C(N)C1,325.9000000000001,0.8584999999999997,56.89,2,3,6,1,0.45454545454545453,0.5615844269913207,6.095359891951823
*N(CCC)C(=O)CCCCCCC(=O)NCC=c1cc*c(CNC[CH2])c1,359.5140000000001,2.2693899999999996,61.440000000000005,2,3,14,1,0.5714285714285714,0.5010568169187829,4.364504331420209
*C1C*OC(=O)N(C)CCCCC1C(=O)CCOCCOCNC,329.41700000000003,1.7803,77.10000000000001,1,6,9,1,0.875,0.5131489394467819,5.2616024180265235
*N=[PH](*)OCCOCCN(CCC)OCCOCCOCC(C)C,352.41200000000015,2.5938000000000008,61.750000000000014,0,7,18,0,1.0,0.21464776055005041,4.51829562577732
*C1=CC(=CP(=O)(Oc2ccccc2)O[SH](O)O)C=C*C1,313.29100000000005,4.485000000000001,75.99000000000001,3,5,5,2,0.07692307692307693,0.5515501672025444,5.458481514954751
*SC(=O)CCCCCCCS(=O)(=O)CCC(=O)c1ccc(*)cc1,354.49300000000005,2.9135000000000018,68.28,0,5,12,1,0.5294117647058824,0.4263489819062458,3.5053201324977126
*C(=O)CC(C(=O)OCC(*)C)N(CCBr)OCc1ccccc1,370.2430000000001,2.5506,55.84,0,5,11,1,0.5,0.3404931026656181,4.520208387448012
*NC([2H])C=CC(C=O)C(P)c1ccccc1-c1ccc(N(*)C(=O)OC)cc1,369.3791017780001,3.7321000000000035,58.64,1,4,8,2,0.2,0.43759725033051994,5.280951850601866
*CC(*)(CC(=O)F)OCCOCOC1C=C(F)C(F)=CO1,294.22499999999997,2.1137,53.99000000000001,0,5,10,1,0.5833333333333334,0.350775554178774,5.5942543252601356
*C1=CC(C=CC=C=N*2C=CC=C(C(O)F)C=C2)OS1(=O)=O,309.31800000000004,1.6788,75.96000000000001,1,5,4,2,0.14285714285714285,0.48684854435773767,6.581831702585674
*C1=C(F)C(O)C(C(C)=CN(CC)CCCC2C=CC=CN2N(*)C)C=N1,346.45,2.8069000000000015,42.31,1,5,8,2,0.5263157894736842,0.7338502464279921,5.86280819515283
*CC(=O)C1=CCN(C(=O)c2ccc(C#N)cc2)C=C(CC2CCN(*)C2)C1,347.41800000000023,2.927480000000001,64.41,0,4,5,3,0.38095238095238093,0.8214109619853884,4.510961053751447
*N=*N=P(C)(C)OCCOCCOCCOC(CCC)OCC,338.3850000000001,3.239200000000002,70.87000000000002,0,6,16,0,1.0,0.24539252943578135,4.543078699249216
*N(C)CCC=CC=CN(C=C)C(Cc1ccccc1)C(=O)NN*C=C,339.463,2.6636000000000006,47.61,2,4,13,1,0.25,0.329500906606622,4.75106911372904
*NCC(=C/C=N/C(C=C)C=C(*)COCC)COc1ccccc1N=C=NF,370.428,3.830700000000003,67.57000000000001,1,6,13,1,0.3,0.4238052640789969,5.250176059982798
*C#CCNC1=CC2CC=C(CC2)CC(=O)Nc2ccc(*)cc2OC1=O,334.37500000000006,1.819,67.43,2,4,2,4,0.3,0.3746712668543169,6.156644650171696
*CC[Se](CCCCOC(=O)N(*)C(C)(C)C)NCCCC,350.3850000000001,3.8168000000000024,41.57,1,3,11,0,0.9333333333333333,0.4549783450442908,4.60203470008115
*CCCCCC(=O)NCCCCCNCCCCCOCCC(*)NC,355.56700000000006,3.0623000000000014,62.39,3,4,21,0,0.95,0.276969325494556,3.7571539078822553
*CC(O)COCC(F)(F)OC(F)(F)C(F)(F)C(F)C(F)(F)C(*)=O,364.15999999999997,2.2183,55.76,1,4,11,0,0.9,0.5715921277645535,5.16809456157012
*CCCCCCCCNCCCC(=O)OCCOc1ccc(*)[nH]1,322.449,2.789300000000001,63.35,2,4,16,1,0.7222222222222222,0.3627791964663636,3.562574313099719
*N=C1CC1C(=O)O[Si](C)(C)N(*)C(=O)c1ccccc1CCCN(C)C,359.5020000000002,2.2575000000000003,62.21,0,5,8,2,0.5,0.6680994939010991,4.337873079121975
*Oc1cc2c3c(c1)C(C=C2)C(S(=O)(=O)c1csc(*)c1)=CC=CC3=O,354.4080000000001,2.9865000000000013,60.440000000000005,0,5,3,4,0.05555555555555555,0.8501541604792237,5.784877540043218
*C(=O)N1CCON=C(*)C=C1NO[PH](C)(F)CC(F)(F)CF,331.206,1.9973,63.16000000000001,1,5,6,1,0.6,0.459344187068606,5.6273997981945145
*/C=C/C1(N(C)C)C/C=C/CC=C(c2ccc(NC=NN(*)C#N)cc2)C1,333.4390000000001,3.776080000000002,54.66,1,4,6,2,0.3,0.21493990294765805,4.992699073243211
*CC(C)(CC)CCC(=O)NCCCc1ccc(C2CNN(*)C2=O)cc1,343.47100000000006,2.794200000000001,61.440000000000005,2,3,10,2,0.6,0.6423141656705349,4.304801545296016
*C(=O)OCCC[Si](*)(C)OCc1ccc(-c2ccc(C#N)cc2)cc1,337.451,4.439180000000004,59.32,0,4,8,2,0.2631578947368421,0.5276519602963122,3.656283456062683
*CC(*)C(=O)OCCOCCOCCOc1ccc(N(C)CCCC)cc1,365.47000000000014,3.1835000000000013,57.23000000000001,0,6,16,1,0.65,0.3312280440662604,3.57460350750023
*/C=C/C(COCCOC=C1C=CC(C#N)=C1)OC1=CN(*)CCN1CC,341.4110000000002,2.2721800000000005,57.96000000000001,0,6,10,2,0.42105263157894735,0.44874769923069596,5.278306755035102
*O[Si](C)(C)O[Si](C)(C)[N+](C)(C)C(C)(C(C)O)C(C)NC(*)=O,335.57300000000004,1.7507999999999995,67.78999999999999,2,4,8,0,0.9230769230769231,0.6632609572532706,5.8231025082191445
*OCP([2H])(=O)CC(C)C(OC(C)C[Si](*)(C)OC(C)C)[SH]C,342.51210177800004,3.493400000000002,44.760000000000005,1,4,12,0,1.0,0.33491359273185717,7.0173531079248495
*C1CN2C(N1)O[Si](C)C2COC1=CC=CC2=CC(C1)OCC2(*)OC,347.46700000000016,0.6875000000000007,52.19000000000001,1,6,4,4,0.6470588235294118,0.7553898200523941,7.3400824798977595
*CC=C(F)OC(Br)=C(C)C(C)=COC[Si](*)(CC#N)COC,376.2980000000002,4.071480000000004,51.480000000000004,0,4,10,0,0.5,0.32767736664117586,5.927058480715386
*C1=CC(=CC#N)NC(=O)C2=C(*)C2C(CC(F)(F)C(F)(F)C(F)(F)F)=C1,364.21999999999997,3.539480000000001,52.89,1,2,3,2,0.3333333333333333,0.6153056469236401,5.594168806973442
*[Si]1(C)CCCN(COC(=O)OCC)C=CC(C(C)(C)C)C=N*O1,341.5040000000001,3.6224000000000025,60.36,0,6,3,1,0.75,0.5794053648477614,5.861763374716891
*CCC(=CN)CC(=O)C(=O)NNC=CS(*)=CC1=Cc2ccccc2C1,355.46300000000014,2.413000000000001,84.22,3,4,9,2,0.21052631578947367,0.360775827703875,5.063070328303938
*C/C=C/C[PH](OCCCC[N+](C)(C)C*)C(O)C(CC(C)C)C(=O)OC,375.4900000000001,3.1731000000000016,55.760000000000005,1,4,15,0,0.8421052631578947,0.15703652657484019,5.590255180599815
*C(=O)CCP(=O)(ON=[Se](*)CCCC)O[Si](C)(C)C,358.3090000000001,3.5348000000000024,64.96000000000001,0,5,10,0,0.9,0.34040648712803406,5.724824810802094
*c1ccc(N/C=C/C(=O)c2ccc(OCC(=O)CN(*)CCl)cc2)cc1,356.80899999999997,2.5802000000000005,58.64,1,5,10,2,0.15789473684210525,0.30673829947817566,3.5694204962509772
*C1=CCC(C)(COCC(O)*N(CC=C)CC([CH])=N)C(c2ccccc2)=N1,352.458,2.830260000000001,68.91,2,5,11,2,0.38095238095238093,0.4752315817693184,5.318563601493437
*NC(=S)CCCNC(=O)CCCCC(=O)NCCN(*)CCC,328.48200000000014,1.1169999999999995,73.46999999999998,3,4,14,0,0.8,0.32909392306837326,3.4860873494445634
*[C]=CCN1C[Si](C)(C=CC=CCC(O)c2ccc(C(*)=O)o2)C1(C)C=C[2H],355.50810177800014,3.3276900000000023,53.68,1,4,9,2,0.35,0.4193415345094455,6.3215103897980836
*C1=CCC(=NNc2ccc(Oc3ccc(*)c(O)c3)cc2Cl)C(OC)=C1,354.7930000000001,4.1476000000000015,63.08000000000001,2,5,5,3,0.10526315789473684,0.7917449524752651,3.8241040994898423
*c1nnc(C2=CC=C(C=CC3=C(C=C(C)OCC[N+]C*C)C=C3)[SH]2C)o1,369.49,3.151600000000001,62.25000000000001,1,4,10,3,0.3,0.39093304606979884,6.222075230966638
*Oc1ccc(NCCNC(=O)BC=CC2=C(CNC3CCN(*)CC3)C=C2)cc1,378.28500000000025,1.9861,65.63,3,5,11,3,0.38095238095238093,0.40609007293761523,4.422510107008748
*O[Si](*)(C)O[Si](C)(C)[N+](C)(C)CCOCOc1ccc(C#N)cc1,353.547,2.30488,60.71,0,5,10,1,0.5333333333333333,0.3668939451838737,4.523907923628723
*CCCCCOC(=O)CCS(=O)(=O)CC[N+](C)(C)CCCC*,334.5020000000002,2.2965999999999998,60.440000000000005,0,4,15,0,0.9375,0.26185764342549445,3.961740496297711
*CC(=O)NCc1ccc(-c2ccc(-c3ccc(*)nn3)cc2)cc1,301.349,2.569000000000001,54.88,1,3,5,3,0.10526315789473684,0.7877732149267002,2.9480454669458744
*Cc1ccc(Cc2ccc(S(=O)(=O)c3ccc(C(=O)N*)cc3)cc2)cc1,363.438,3.353600000000002,63.24,1,3,6,3,0.09523809523809523,0.7304239472422283,2.810692452160229
*CCOC(=O)n1c(C=CC(=O)C2=CC(=C[Si](*)(C)C)C2)cc(F)c1C,345.4460000000001,4.0203200000000034,48.3,0,3,6,2,0.3333333333333333,0.5778099578292119,4.611050894145936
*c1ccc(CS(=O)(=O)CC(=O)C2=CC(=C[Si](*)(C)CCCC)C=C2)o1,362.5230000000002,2.824600000000001,64.35,0,4,9,2,0.3888888888888889,0.6337719831775186,4.782321076092662
*c1ccc(COC(=O)c2ccc(S(=O)(=O)CN(*)CCCC)cc2)s1,365.47600000000017,2.577300000000001,63.68000000000001,0,6,9,2,0.35294117647058826,0.6392669364021166,3.444277566386738
*O[Si](C)(C)OCc1ccc(-c2ccc(C(=O)[O-])cc2Br)cc1*,378.27400000000006,2.3535000000000004,58.59,0,4,6,2,0.1875,0.7245389315889802,4.076282271445638
*/C=C/C1=CC=C(S(=O)(=O)CCCCCCCOC(=O)CN(*)CC)C1,353.4840000000001,2.9581000000000017,63.68000000000001,0,5,13,1,0.6111111111111112,0.3761891796511143,4.074362181771354
*C(=N)C=CC=C1C=C1OCCOCNc1ccccc1C(=O)c1cccc(*)c1,372.4240000000001,3.4014700000000015,71.41,2,5,11,3,0.13043478260869565,0.2744666429221113,3.833291027371464
*Cc1ccc(SSC(=O)C(C=C)C=CC(=O)NCCC(*)=O)cc1,347.4610000000001,2.9434000000000005,63.24,1,5,10,1,0.23529411764705882,0.4004660521221509,4.588767016126102
*c1ncc(OCCCCCCOC(=O)C(C=C)=CC=C[Si](*)(C)C)o1,347.487,3.293800000000002,61.56,0,5,12,1,0.4444444444444444,0.19083795174209148,4.3273083356175075
*CCN(C)C(=O)CSC(=O)CCCC(=O)N=C(*)C,270.3539999999999,1.3368000000000002,66.81,0,4,8,0,0.6666666666666666,0.6241559469575658,4.098650773620754
*Oc1cccc(COCCC(CCCOC(N)=O)Cc2ccc(*)cc2)c1,355.434,3.3454000000000015,70.78,1,4,12,2,0.38095238095238093,0.5928710760944905,3.8112660001974064
*N1C(=O)*CC(C)CNCC(=O)/C=C/c2cccc(Cl)c2C=CCC1=O,359.83300000000014,3.4811000000000023,66.48,1,4,0,2,0.3157894736842105,0.7697036882876824,5.133420103676738
*C[CH2][Fe]([CH2]NCCC)[C](C)=C(CS(*)(=O)=O)[As]CCN,392.1780000000001,1.1394,72.19,2,4,12,0,0.8333333333333334,0.386170174055456,5.644981257794807
*SC(=O)C(C=*CC(C=CSC)CC(=O)NCC(=O)OC#C)=CC,353.46500000000015,2.0953999999999997,72.47,1,6,10,0,0.375,0.3683254136122645,5.458686660037177
*OC(N)CC[Si]OC[Si](C)(C)OCC[Si](*)(C)O[Si](C)(C)C,365.7270000000001,2.4299999999999997,62.94000000000001,1,5,13,0,1.0,0.30842810105029267,6.059285356431827
*NN1C=C(Cl)C(=CC2C=CCC(NC(C)=O)=CC(C[N+][Si])=C2)C(C)=C1*,370.91600000000017,2.2687,58.47,2,3,5,2,0.2777777777777778,0.5762265757473674,5.844014479742826
*c1nnc2n1C=C(C=[C])C=C*CC(Br)(C(=O)CCC=O)C=CC=C=C2,397.2520000000002,2.5967900000000004,64.85,0,4,5,2,0.21052631578947367,0.4354191680402126,6.692855180599816
*CCC(=O)SCC[N+](C)(C)CSC(=O)CCCCCC(=O)N*,347.5260000000002,2.4286000000000003,63.24,1,5,13,0,0.8,0.3148845615997634,4.317467360203035
*C1=C(C#N)CCCCO[Si](C)(C)CCC(CCCC)C*OC1=O,336.52800000000013,4.876980000000004,59.32,0,4,3,1,0.7777777777777778,0.6893534330771588,5.45304533788158
*C1=CC=C(C(=CC=CC(=O)OCCCCC(=*)C)[SH](=O)=O)C(=C)S1,351.469,3.0706000000000016,60.440000000000005,1,5,9,1,0.29411764705882354,0.22740282691396194,4.839420693190217
*CCCCCCOC(=O)C(C)(C)N(C)N(*)CCCOCCOC,330.4690000000001,2.5024000000000006,51.24000000000001,0,6,16,0,0.9411764705882353,0.2461721214387122,3.7403842678508505
*O[Si](C)(C)c1ccc(OCOC(O[N+](*)=O)N(CC)CCC)cc1,341.4600000000001,2.122799999999999,60.24,0,6,12,1,0.6,0.32967641644189105,4.480486433792834
*[C]=[N+](CC)CC(*)=C(C=COC)CC1(C)CC=CC(CC#N)=C(Cl)C1,344.8860000000001,4.589880000000004,36.03,0,2,8,1,0.5,0.2792661416625286,5.617946211520614
*NC(C(*)=O)/C(=C\C(=O)OCC(C)=C(F)F)NCCCC,288.29400000000004,1.4721,67.43,2,5,10,0,0.5384615384615384,0.3618799958790811,4.683286109803728
*N(*[C](C)CP(=O)(O)OCCO)c1ccc(Cl)cc1Br,370.56699999999995,3.119390000000001,70.00000000000001,2,4,8,1,0.36363636363636365,0.6881844726875113,4.451966471571308
*C=NCC(OCCC)=C(*)C=CC(=O)OCCCCCCNCCCC,350.50300000000016,3.801000000000003,59.92,1,5,17,0,0.7,0.10822230378969454,3.772656528639641
*Nc1cc(CN(C)C(C)C)ccc1NC(=O)CCCCC(=O)CN(*)CC,360.50200000000024,3.257200000000002,64.67999999999999,2,5,13,1,0.6,0.5287449903771934,3.415034265310436
*[C]=C1C2=CC=COC(=O)CC(*)=CC=NCCC3=CC3=CC=CC1N2,317.36799999999994,2.8557900000000007,50.69,1,4,0,4,0.2,0.6990364302292776,6.606138907068064
*C1=CC2(O)CC(CC=CN(C(=O)C3=CC=CC(=CC)O*C3)C2C)N(C)C=C1,367.4690000000001,3.337900000000002,53.01,1,4,1,3,0.4090909090909091,0.7723189084087027,6.720387672458962
*C(F)C(CCCCNC(C(=O)C(C)O)C(CCCC)C(N)=O)C(*)(F)F,366.4240000000001,1.9597,92.41999999999999,3,4,15,0,0.8823529411764706,0.3864150453419321,5.043989671160429
*/C=C/C(C[Se]*)C(=O)NC(=O)Nc1ccc(Br)cc1,374.096,2.3632,58.2,2,2,5,1,0.16666666666666666,0.778101989819397,4.1961131320450615
*OCC(O)COc1ccc(OCN(CC)CCN(*)CCCC)cc1,338.4480000000001,2.1317999999999993,54.400000000000006,1,6,15,1,0.6666666666666666,0.49458152597254657,3.916433719497877
*N1C(=O)C(C)NC(=CC=CO[Si](C)(N)C(C)(C)C)C*CC1C,324.5210000000001,2.8261000000000003,67.59,2,4,3,1,0.6875,0.6186253622857587,6.465018939825017
*CC(O)CO[Si](C)(CCOC)c1ccc(N(C)CC(*)C#N)cc1,334.492,1.7579799999999994,65.72,1,5,11,1,0.5882352941176471,0.6247447188405834,5.138157151771017
*CCN(CCC(=O)c1ccc(C(=O)N*)cc1)C(=O)CCN(C)CCCC,359.47000000000025,2.3717000000000006,69.72,1,4,13,1,0.55,0.549105396459002,3.227407145062263
*Oc1ccc(Bc2ccc(S(=O)(=O)c3ccc(C(*)=O)cc3)cc2)cc1,348.188,1.4393000000000002,60.440000000000005,0,4,6,3,0.0,0.6327950964884612,3.885661184510086
*CCOC(=O)C(COC1=CC(=CC2=CC(=CC)N=C2)C1)OCCOC*C,360.43000000000023,3.134800000000002,66.35000000000001,0,6,13,2,0.5,0.3728509741518653,5.327789486078614
*CC1=CC=C1NC(=CC=COCCNC(=O)C=CCN(*)C)COCC,345.44300000000015,1.8867,62.83,2,5,14,1,0.42105263157894735,0.21784543307834134,4.5863731278299245
*Oc1ccc(S(=O)(=O)C=CC=CN2CC(C=CC=C(*)CN)C2)cc1,344.43600000000015,2.2107,72.63000000000001,1,5,8,2,0.2222222222222222,0.7321635376713137,4.45166025869443
*OCCOCCCN(C)C=c1cc*c(C(=O)OCCOCCOC[CH2])c1,367.44200000000023,0.9869900000000003,66.46000000000001,0,7,16,1,0.5789473684210527,0.31877594009919363,4.46094312158574
*C1=CC2=CO[P](*)(N[NH2+][PH](=O)NC)C=CC(=C)COC2=C1CCl,361.70600000000024,1.9157,76.2,3,4,5,2,0.23076923076923078,0.30176367609415133,7.155290479346392
*CCCCOc1ccccc1C1=CC=[N+]C=C1CCCOc1nnc(*)o1,351.4060000000001,2.9175000000000013,71.48,0,6,11,3,0.35,0.5822071047735552,4.39213343584465
*CC(C)(C)N1C(OCC)C1(C*)CCOCCOCCOCCOC,345.4800000000001,2.2035,49.16,0,6,17,1,1.0,0.29752327218847874,4.900904862071608
*OC(C)(CC)CCNC(=O)C=C1C=C(CC(*)=O)C(C(Cl)Cl)=C1,344.23799999999994,3.2048000000000014,55.4,1,3,9,1,0.5,0.5162055823144908,4.996639240293993
*CC(CN(*)COC(=CC(=CC=CC#C)OO)COCCO)OC,325.3610000000001,1.1651,80.62000000000002,2,7,14,0,0.5,0.09433458336095708,5.487217852246503
*OC(C)(I)CNC(=O)CNC(=O)*C,299.0880000000001,0.5774,67.43,2,3,6,0,0.7142857142857143,0.5566655508079266,5.120613704516175
*O[Si](C)(COC(=O)NC1=CC=C(*)C(C)OCC=C1)NCCCC,338.48000000000013,2.4863999999999997,68.82000000000001,2,5,8,1,0.5625,0.525574737286222,5.738651295236268
*C(=O)N(C(=S)N[Si](*)(C)CCC(=O)OC(C)(C)C)c1ccccc1,350.516,3.3899000000000026,58.64,1,4,5,1,0.4375,0.5010251013538715,4.124399761641454
*CCNC(=O)C1=CC=C(N(C)C/C=C/C(=O)C(=O)c2ccc(C=*)cc2)C1,349.41,1.9237999999999997,66.48,1,4,10,2,0.23809523809523808,0.39814525867403033,4.143808728094616
*N(C)[Si](*)C1=CC=C(c2ccc(CNC#N)cc2)C=CC(=O)OCC1,336.4470000000002,2.04298,65.36,1,5,5,2,0.2222222222222222,0.3857516977001359,4.576716965019477
*CCC(F)(F)C(F)(F)C(=O)CCCCCS(=*)(=O)N(C)C(C)(C)N,361.42500000000007,3.0345000000000004,63.400000000000006,1,3,12,0,0.9285714285714286,0.3301197176041452,4.711198263139957
*CC(*)(F)N(C)S(=O)(=O)C(C)C=C(C#N)CCC(=COC)C(C)C,344.4520000000001,3.1931800000000017,70.4,0,4,10,0,0.6875,0.34657738193868837,5.424510954250022
*c1ccc(S(=O)(=O)S(=O)(=O)C(C)c2ccc(*)cc2CF)cc1,340.3970000000001,1.3699999999999999,68.28,0,4,5,2,0.2,0.7711539880817252,4.649972653755531
*CCC(F)(F)C(F)(F)CS(=O)(=O)C(C=CF)=CN(C)C(=O)O*,349.2770000000001,2.886800000000002,63.68000000000001,0,4,8,0,0.5454545454545454,0.4993013240566991,5.039146044847522
*CC(*)C(=O)NCCCCCCOCCSCCCCCCN(C)N,359.5800000000002,3.084100000000001,67.59,2,5,19,0,0.9444444444444444,0.21069853553754886,3.9659517384652103
*[C]=C1C=C(Oc2ccc(N3ONCC4=CC=C(*)[SH]4S3)cn2)C=N1,343.41299999999995,2.731390000000001,58.980000000000004,2,7,3,4,0.06666666666666667,0.4999535156576175,5.9652343913952635
*OCC(O)CN(C)CCCN(C=C)C=CC1(Cl)C=CC(C)(C)N=C1*,353.8940000000001,2.3831000000000007,48.300000000000004,1,5,11,1,0.6111111111111112,0.45744852061991076,5.61257979819638
*CC(*)(CC)C(=O)N(Br)CCCS(=O)(=O)C(F)(F)Cl,368.62699999999995,2.8045000000000018,54.45,0,3,8,0,0.8888888888888888,0.48887370558515125,5.186088712464642
*CC(=O)C=c1ccccc1=CNC=C(C)OCC#Cc1cccc(*)n1,330.387,0.8306000000000002,51.22,1,4,6,2,0.14285714285714285,0.6296625329066029,4.602625062737124
*CCOC(=O)CC(=C)CCNC(=O)CC(C)N(*)C1=CC=CCC=C1C,344.4550000000001,3.2848000000000024,58.64,1,4,11,1,0.5,0.4615048642982231,4.74484691217526
*C1=CC=C[Si](C)(C)CC(C#N)=C(*)C=C1OCCOCCOCCOC,361.51400000000024,3.1440800000000015,60.71000000000001,0,5,10,1,0.5263157894736842,0.44180982493874327,4.885859186603534
*Oc1nc(*)c(C)cc1CSCCCCS(=O)(=O)OCCCC,345.48600000000016,2.5676200000000007,65.49,0,6,12,1,0.6666666666666666,0.42841502786518665,3.9387873494445635
*CCN(*)CC(C)(O)C(C)(C)CCN(C)C(=O)NCC=COCCCC,355.52300000000014,2.859400000000001,65.04,2,4,14,0,0.8421052631578947,0.37141137779377115,4.665755955834303
*C#CC(=C[N+]=C)C=C(C=CNC(C)C=O)CN(CCCC)CC(=O)O*,343.42700000000013,1.1435999999999997,72.74000000000001,1,6,13,0,0.42105263157894735,0.23498071775984386,5.463112400740748
*CNC(=O)[N+](CCC(C)CNC(=O)CCN(*)CCCC)C(CC)CCC,368.5660000000002,3.0205,67.33999999999999,2,3,16,0,0.9,0.4115876533142604,4.92853029411256
*C#CC=CC=CCN(COCCCNC(=O)CCC(=O)O*)c1ccccc1,368.43300000000005,2.3837,67.87,1,5,13,1,0.3333333333333333,0.25059481747905515,3.7773487028001878
*N=P(*)(OCC)OCCO[Si](C)(C)NC(C)(C)CCCO,324.43400000000014,2.858400000000002,72.31,2,6,12,0,1.0,0.3280130133192815,4.99606356338463
*C([CH2])C(=O)N(C)CCOCN(C)*C(C#C)C=CC1=CCCCC1[N+](=O)O,362.45000000000016,2.1474900000000003,73.09,1,4,11,1,0.5789473684210527,0.26384796713179137,5.8180480994568455
*CCNC(=O)/C=C/C(=O)NCCN(C)c1ccc(CN(*)C(C)C)cc1,344.45900000000006,1.5537000000000005,64.68,2,4,11,1,0.47368421052631576,0.5980477892317472,3.4667586021706613
*CCOC(=O)C*OCCCCC1C(O)C[SH]1CCN(C)S,338.51500000000004,1.6232999999999997,59.00000000000001,3,6,13,1,0.9285714285714286,0.2706417346886708,6.30987980904332
*c1ccc(OCCN(C)C(=O)OCC=c2cc*c(/C=C/CC[CH2])c2)o1,341.40700000000015,2.7284900000000007,51.91,0,4,9,2,0.3,0.7036682735246708,4.808364523276583
*OC1=C(F)OC(Cl)=C(Cl)C1=CS(=O)(=O)C1CCN(*)CC1,342.1750000000002,2.510200000000001,55.84,0,5,3,2,0.45454545454545453,0.788893963365913,5.016712926939038
*NC(C)CNC(=O)OCC(=*)SCC(F)(F)C(F)(F)COC1CC1,359.36500000000007,2.017,59.59,2,5,12,1,0.8461538461538461,0.5223033690283029,4.71252563576733
*N(C=CC(N=c1cc1OC=CC1(*)CC1O)N(Br)CC=CC)C1C=N1,391.2690000000001,2.0326,60.660000000000004,1,6,10,3,0.4117647058823529,0.37683318972069013,6.57778383999609
*NS(=O)(=O)C1=CC=CC(C)(C2=CC(=C[Si](C)(C)C)C=C2)CC(=O)*O1,364.5190000000001,3.020900000000002,72.47,1,4,4,2,0.35294117647058826,0.7784380732513921,5.898408158774905
*C1CC(O)(CCC2CC(C)C(=O)N(*)C2S)CCCCCNC1=O,340.48900000000015,2.1206,69.64,3,4,3,2,0.8823529411764706,0.6894153020591164,5.824976174143037
*CC*(C(=O)OC(F)(F)C(F)(F)C(F)(F)F)C(C)=C(N)C(=O)OC,355.20600000000013,3.2832000000000017,78.62,1,5,7,0,0.6363636363636364,0.43075626664685474,4.434763891263492
*C1=CC=C(OC(=O)C=CC=NC)C(=C/C=C/C(C)(C)N(*)C(=O)OCC)C1,356.42200000000014,3.691200000000003,68.2,0,5,7,1,0.35,0.3962661454260144,4.737691755188979
*CCOCCOCN(Br)C(=O)CCCCCN(CCC)C(*)=O,379.29500000000024,3.0249000000000015,59.080000000000005,0,4,15,0,0.8666666666666667,0.24936933697793445,3.9410803564375705
*CC(*)(C(=O)OC[N+](CC)[N+]CC)S(=O)(=O)SCCCCl,343.87800000000016,1.0914999999999997,80.44,0,6,12,0,0.9090909090909091,0.10073676411514514,5.645796719883303
*N=[N][Ge]([CH2]COCCCC)[CH](C=C(C)C(*)=CC)OC,325.97600000000006,3.6647000000000025,43.18000000000001,0,4,11,0,0.7142857142857143,0.2516550798383509,5.503498918072176
*CC(*)C(=O)NCCOCCOCCCN(CC)CC=NCC=CC=C,351.49100000000004,1.9662,63.160000000000004,1,5,18,0,0.6842105263157895,0.23293617299367275,4.580643000368715
*CC(CCOC1=C(C=CC(=O)OCC2=C(C=CC)C=C2)C=C1)N1CCN(*)CC1,380.4880000000001,3.1770000000000014,42.010000000000005,0,5,11,3,0.43478260869565216,0.40681365447161827,4.990283364838229
*CCCCCC(=O)NCCCOc1ccc(/N=C/c2ccc(*)nc2)cn1,352.43800000000005,2.8149000000000015,76.47,1,5,12,2,0.4,0.4706509075806511,3.5215938694489877
*CC=*CC(C=O)=CC(Cl)S(=O)(=O)CCCCCCC,306.8550000000001,3.334900000000002,51.21,0,3,12,0,0.7142857142857143,0.24040930565396937,4.940072197424403
*CC1CN(OCCCOc2ccc(C#N)cc2)[C](*)COc2ccc1cc2,349.4100000000001,3.743370000000003,54.72,0,5,7,4,0.3333333333333333,0.7128422787789349,5.207342261412365
*N(C)C=C1C=CC=C2C(C=*N2C(=O)CCCOc2ccccc2[C]=O)CO1,365.40900000000005,2.2718000000000007,59.08,0,5,7,3,0.2857142857142857,0.6940426178959548,4.927193200966998
*N=P(*)(NCOCCOCCOCCOCCCC)[SH](C)(F)C=C,373.451,3.5545000000000027,61.31000000000002,2,5,17,0,0.8571428571428571,0.17669280974730975,4.837130895724764
*CSSCCC(=O)NCCCCCNC(=O)c1ccc(*)o1,328.45900000000006,1.7488,71.34,2,5,12,1,0.5714285714285714,0.45172443849433624,3.5485369327371474
*C1=CC=C(OC(OC)c2ccc(C(C)(C)Cc3ccc(*)nc3)cc2)NO1,350.418,3.205000000000001,52.61,1,5,7,3,0.2857142857142857,0.7773643079115956,4.6040370031185365
*O[Si](C)(C)OC1=CC=CC(C)(C)CC=CC(C)C1C(O)C(O)[C]=*,336.504,2.814500000000002,58.92,2,4,6,1,0.6111111111111112,0.5783411809418573,6.287586900512307
*C/C=C/C1C=CC(N(CC)C(=O)OCCOc2cccnc2O)C=C1*,342.395,3.1361000000000017,71.89,1,5,8,2,0.3684210526315789,0.5803589456359982,4.972630087806137
*CCCOCCOCCN1NOC(*)=C1C(=O)OCCCCCCCC,356.46300000000025,2.7512000000000008,69.26,1,7,17,1,0.8333333333333334,0.3173487067775193,3.7563553324673933
*C1(Nc2ccccc2)CC[N+](C)(C)CC*CCCOC(=O)CCC1=O,346.4710000000001,3.0284000000000013,55.4,1,4,2,2,0.6,0.6605455636626096,5.033368136065404
*CC(C=CC=C(C)C(*)(F)F)CS(=O)(=O)C(C)O[PH](=O)Cl,348.735,3.6207000000000025,60.440000000000005,0,4,9,0,0.6363636363636364,0.4714236442871617,6.164742136388111
*CC(*)(C)OCCOCCOCCOCCOCCCC(C)N(C)C,347.4960000000001,2.032800000000001,49.39000000000001,0,6,19,0,1.0,0.3333358597911017,4.248597380613962
*NC(=O)C1CCCCC(=O)NCC(C)(CF)N(*)CC(=O)CCC1,327.40000000000015,1.1071999999999993,78.51,2,4,2,1,0.8125,0.7962091467840979,5.041417447115082
*C1=NC(C)C(NC(=O)CCCCCCCCCCNc2ccccc2)=C(*)N1,368.5249999999999,4.341000000000003,65.52,3,4,13,2,0.5454545454545454,0.4538103748770323,3.752497186138452
*c1ccc(C2=Cc3ccc(cc3)N2C(=O)C2=C=CS(=O)(=O)*C=C2)s1,352.41600000000005,2.748500000000001,54.45,0,4,2,5,0.0,0.781176326610024,5.6470179627345445
*CC(=*)NCCCN(C)NC(=O)C(F)(F)C1CN1C(=O)CCCC,331.38700000000017,0.6121999999999996,64.44999999999999,2,4,12,1,0.8,0.3124712611093325,4.570629393203924
*c1ccc(OCC2=CC=CN(CC)CCOCCC(=O)CO*O2)cc1,346.4030000000001,1.8970999999999998,57.230000000000004,0,6,4,2,0.42105263157894735,0.8299321717269371,4.717109506130161
*CC(=O)NCCSCCSC(=O)CCCC1CCN(*)CCCN1,359.56100000000015,1.7518,61.440000000000005,2,6,11,1,0.875,0.5482328927380353,4.425777492361441
*OC(=O)c1ccc(=C)c(=CC2CC2CCC(=O)CNc2ccc(*)cc2)c1,347.414,1.7706,55.400000000000006,1,4,8,3,0.2727272727272727,0.7907615264528282,4.833024510788622
*CC(*)(C)C(=O)OCCOCCOCC1=C[N+]=C(Cl)C=C1Br,378.65,2.4077,58.86000000000001,0,5,10,1,0.5714285714285714,0.43257412118889915,5.064587898838246
*COCCCOCCOCCCOCC(COc1ccncc1)[C](*)O,354.423,1.8412899999999999,79.27000000000001,1,7,18,1,0.6666666666666666,0.40300598877640004,3.9450710445916988
*CC1=CCC(C)CCC1(OC=O)C(=O)Cc1ccc(C(*)=O)cc1C=C,338.40300000000013,3.7565000000000026,60.440000000000005,0,4,8,2,0.38095238095238093,0.5348053726847549,5.043947283341753
*O[Si](C)(C)OCCCCOc1ccc(OCC2C=CN(*)CC2)nn1,351.47900000000004,2.5136000000000003,65.94,0,7,11,2,0.625,0.4481430409406599,4.518491811942272
*N(CCc1ccccc1)CC1NC(=O)C(C)(C)CCC1C(=O)N(*)CC,343.4710000000001,2.2291999999999996,52.650000000000006,1,3,7,2,0.6,0.8259314045044573,4.445033769828241
*c1ccc(S(=O)(=O)C=C2C=C(OCCOCC*C)C2)c(CC)c1,335.4450000000001,2.953400000000001,52.60000000000001,0,4,10,2,0.4444444444444444,0.6169855084340189,4.442967624136508
*OC(=O)NCCSCCCCCSCC(=O)N(*)c1ccccc1,354.497,3.3111000000000024,58.64,1,5,12,1,0.5,0.5836773760364509,3.4674202502611493
*/C=C/C(C#N)(CC=CCOCCOCCOC)N(*)CCCSC,340.4890000000001,2.4570800000000004,54.720000000000006,0,6,16,0,0.7058823529411765,0.3177307141007893,4.738172548854243
*CN(CCO)C(F)(Cl)CCCCNCC(=O)OCC(F)(F)C*,346.77700000000004,1.5555999999999999,61.8,2,5,14,0,0.9230769230769231,0.21622463131147537,4.642651499909376
*CCCC(=O)N1CCOCC1OCC(CC)C(=O)C1*C=C(C)C=CC1,348.4630000000001,3.268200000000002,55.84,0,4,9,2,0.7,0.6416306596575223,5.3584904032718805
*c1ccc(/N=C/c2ccc(OCOc3ccc(*)c(SO)c3)cc2)nc1,350.399,3.1618000000000013,63.94,1,6,7,3,0.05263157894736842,0.4028073617350763,3.842470340536247
*C(=O)NC(=O)CC=CC(C=Cc1ccc(*)cc1C(F)(F)F)=CC=CC(=O)C=C,387.3570000000001,3.862700000000003,63.24,1,3,8,1,0.09523809523809523,0.5442401802765352,4.463231297695455
*c1ccc(C(=O)NCCCCCCNC(=O)CSCN(*)CC)cc1,349.50000000000006,1.7444999999999997,61.440000000000005,2,4,13,1,0.5555555555555556,0.4206544308987006,3.380491027925199
*OP(=O)(OOc1ccc(-c2ccc(*)cc2)cc1)[Si](C)(C)O,322.32900000000006,3.206700000000002,64.99000000000001,1,5,6,2,0.14285714285714285,0.3828071613576078,4.367849437299785
*CC(N*OC(=O)NCCCSCCCC=O)c1ccc(F)s1,347.457,3.2291000000000025,67.43,2,6,13,1,0.5714285714285714,0.42351334744532826,4.731841983506662
*Nc1cc[si](N(C)Cc2ccc(OCC(=O)CCCCC(*)=O)cc2)cc1,368.5090000000002,2.9407000000000014,58.64,1,5,12,2,0.35,0.4610434760143499,4.082079599190413
*c1ccc2cc1S*C(OC(F)(F)C[S](=O)=O)=CC=CC(=O)/N=C/2,357.35900000000004,1.7984999999999995,72.80000000000001,0,5,4,2,0.14285714285714285,0.8215982932943791,6.28790213135667
*C(OCCNc1ccccc1)N(Oc1ccccc1)P*=P(=O)O,352.267,3.487200000000003,71.03,2,5,10,2,0.2,0.295227126826452,4.62278814724613
*CCCC(=O)C[N+](C)(CCl)CSS(=O)(=O)CCC(*)(C)C,342.9340000000002,3.1046000000000014,51.21,0,4,12,0,0.9230769230769231,0.17968453576531113,5.360862055636479
*CCCCC(C)(C)S(=O)(=O)CC(*)C(=O)[N+]C1=CC=C([Si](C)(C)C)C1,368.59500000000014,3.877900000000003,65.31,0,3,10,1,0.7222222222222222,0.4340411052512121,5.437201564907906
*CC(*)C(=O)NCNN(CCC)C(C)(O)C(F)(F)C(F)(F)C(F)(F)F,369.28099999999995,2.1235000000000004,64.60000000000001,3,4,10,0,0.9166666666666666,0.3136553636519273,5.109459865821062
*C(=S)N/C=C/Oc1cccc(Oc2ncc(-c3ccc(*)s3)o2)c1,342.401,3.6438000000000015,56.519999999999996,1,6,6,3,0.0,0.5451032476290587,4.220610851561258
*OC[PH](C)(C)OCCNC(=O)Nc1ccc(-c2ccc(*)cc2)cc1,346.3670000000001,3.0292000000000012,59.59,2,3,8,2,0.2777777777777778,0.5705395757909291,3.9352419236048615
*CCCOc1cccc(N=CNC(=O)C2C=CC(*)=C[Se]2)c1,347.276,2.652300000000001,50.69,1,3,7,2,0.25,0.3568274282645144,5.0178428438931935
*CCCOCCOCCOCCOCCCCN(CCCC)CCO*,361.52300000000014,2.7737000000000007,49.39,0,6,23,0,1.0,0.26090023007700963,3.4320188612463056
*C(=O)C(=O)C=CC1=CC=C[SH]1c1ccc([O][Na])c(*)c1-c1ccccc1,356.3780000000001,2.963000000000001,43.370000000000005,1,3,6,3,0.0,0.3745619286276203,5.226642595510417
*c1ccc(NC(=O)c2cccc([Si](C#N)(OC)c3ccc(*)cc3)c2)cc1,356.45700000000005,1.0569799999999991,62.120000000000005,1,3,5,3,0.047619047619047616,0.6955236119565816,4.292640508473941
*CCCCCCSC(=O)NCCC[N+](C)(C)[N+](C)(C)CC(=O)N*,346.5410000000001,1.9956,58.2,2,3,13,0,0.875,0.30459552781003657,4.488356173030832
*C(F)CC(c1ccccc1)C(CNCCCN(*)C=O)Nc1ccccn1,356.445,2.7833000000000006,57.260000000000005,2,4,13,2,0.4,0.42801504776659877,4.46318445573215
*CCC#CCSC(=O)CCCSCCCCC(=O)S(*)=O,332.512,3.0306000000000015,51.21,0,5,11,0,0.7142857142857143,0.4298706295634416,4.846409025836254
*CCNC(=O)C1=CC=CC=C/C1=C/NC(=O)C(C=C)=CC=CCN(*)C,337.42300000000006,2.1874000000000002,61.440000000000005,2,3,9,1,0.2,0.5007419376443968,4.642525961838022
*CC(*)C(=O)NCCCNCCCN(C)C1=C(C=CC(=O)N(C)CCC)C=C1,374.52900000000017,1.9580999999999997,64.68,2,4,15,1,0.6190476190476191,0.33972042681188186,4.403991838594431
*CCC=CO[Si](C)(C)CCCNC(=O)C1=C(C=C(C)C)C(OC(=O)C(*)C)=C1,389.56800000000015,4.647000000000004,64.63,1,4,12,1,0.5238095238095238,0.228382141979146,4.95955083267727
*C1CCCC1(C)CNC(=O)N(C)*C(C)CC(C)(C)C(C)C([NH])=O,323.48100000000005,3.826100000000003,73.21000000000001,1,2,8,1,0.8888888888888888,0.7370189003823312,5.716299407860834
*N(CC(O)C(*)(F)F)[PH](=O)OC(=O)OCC(F)(F)C(F)(F)F,349.09499999999997,1.9962000000000004,76.07000000000001,1,5,7,0,0.8571428571428571,0.43048909647729133,5.396700376674742
*CN[Si](COCCCC)(OCSCCSSC)C(=O)N*,356.611,2.3549999999999995,59.59,2,7,15,0,0.9090909090909091,0.2020849318644779,5.362180526466772
*CC(=C)CS(=O)(=O)C=CC=C(C=N)C(*)=NC(=C)c1ccccc1,326.42100000000005,3.633370000000002,70.35,1,4,9,1,0.1111111111111111,0.42746285241464277,4.582201914909674
*CCN(*)C(c1ccc([N+](=O)[O-])cc1)N(CC)[Se](C)O,331.254,1.7594999999999996,69.85,1,5,8,1,0.5,0.34017283480412114,4.954567021021857
*CSC(=*)CCc1ccc(C(=O)OCC[N+]c2ccc([N+]=O)cc2)cc1,354.43100000000004,3.365000000000002,71.57000000000001,0,5,11,2,0.2631578947368421,0.4581031481438877,4.112974713086773
*N(CC)CNC(=O)C1=[N+]C=C(C=C2C=C(NCCCCC*C)C2)S1,347.50800000000015,2.6941000000000006,58.470000000000006,2,5,12,2,0.5555555555555556,0.42091082526733403,5.240452461012659
*CCCCCC[SH](C)(=O)CCCSS(=*)(=O)CC(C)=O,327.55700000000013,2.536900000000001,51.21,1,4,13,0,0.9230769230769231,0.3207843799365452,5.607606032010869
*[N]C(=O)C(C(=O)c1ccc(OC)cc1)c1ccc(-c2ccc(*)cc2[2H])cc1,343.38010177800004,3.098600000000001,57.47,0,3,6,3,0.09090909090909091,0.5103891775940638,4.02317995825255
*CC1(CCOC(=O)N(C)CC)CC1N(CCC(*)=O)[SH](F)(F)F,343.3909999999999,3.064500000000002,49.85,1,4,10,1,0.8461538461538461,0.6195478522754501,5.731167728107353
*CC(=O)Oc1ccc(C(=O)OC)c([CH2][Ge]([CH3])[NH]*)c1,308.85699999999997,1.1031,64.63000000000001,1,5,6,1,0.3333333333333333,0.4842732703807653,4.08757989795554
*N(OC)C(=*)CCCOC(=O)C=C1C=CC(c2ccc([N+])cc2)=C1,309.345,2.5967000000000002,61.07000000000001,0,4,8,2,0.2222222222222222,0.32040787021062295,4.39508266474807
*[Si](C)O[Si](C)(C)O[Si](C)(C)OC(C)CO[Si](*)(C)C,323.66600000000005,2.763300000000001,36.92,0,4,9,0,1.0,0.611463449062553,5.29596902015695
*CCOCCOCCOCCOc1cc(C)c(SO*)cc1OC,344.42900000000003,2.8878200000000014,55.38000000000001,0,7,15,1,0.625,0.35807583477081995,3.4734287009653757
*OC=CCC(C#N)=COCCOC(C)(C)O[Si](C)(C)c1ccc(*)cc1,359.49800000000005,2.8513800000000007,60.71000000000001,0,5,11,1,0.42105263157894735,0.19986505286933828,4.83487461048667
*CC(O)N(C)C(=O)C(=O)N(CCc1ccccc1)Oc1ccc(*)cc1,340.3790000000001,0.9706999999999992,70.08,1,4,7,2,0.2631578947368421,0.46322070154784817,4.206404417372765
*C(=O)NCCNCCSCCCCCCCNC(=O)c1cccc(*)c1,363.527,2.123199999999999,70.23,3,4,15,1,0.5789473684210527,0.4175998267759991,3.290324363436423
*CCSCC#CCN(CCCCOC(*)=O)CCC(=O)NCC(C)C,354.516,2.6210000000000004,58.64,1,5,14,0,0.7777777777777778,0.38379242240733197,3.8405467971559686
*CC(F)(F)C(F)(F)OC(=O)c1ccc(N=NCCOCCN(*)C)cc1,363.3110000000002,3.5355000000000025,63.49,0,6,11,1,0.5333333333333333,0.2611179411983454,3.944633021901245
*N1CCCC(C(=O)NC=c2cc*c(C(=O)NCCCCC[CH2])c2)C1,329.4440000000002,1.5602899999999993,61.440000000000005,2,3,8,2,0.5263157894736842,0.711693075610769,4.8007363025867615
*c1ccc(OCCCCCCC(=O)NCOC2=CC=CC(=O)*C=C2)s1,360.45500000000004,2.9213000000000013,64.63,1,5,11,2,0.3684210526315789,0.48674767811145214,4.275096967755182
*[C]1OCC(N(C)C#N)=CC=CC[PH]2c3cccc(c3)OC2C(*)=C1O,340.31900000000013,2.4854699999999994,65.72,1,5,1,3,0.2222222222222222,0.48333231458245496,7.072510913811126
*CC(*)c1ccc(CCC(O)N(C)CC(=O)OCN(C)C(=O)OCC)cc1,364.4420000000001,2.0164,79.31,1,6,11,1,0.5789473684210527,0.47798944327329884,4.330873816379766
CCC1*C(=O)CC(NC(=O)C(F)(F)C(F)=CF)*O1,269.19399999999996,1.6123999999999998,55.400000000000006,1,3,4,1,0.6,0.788797775990373,5.981362641548996
*P(C)(COC(=O)NCCC1(Br)C=C(C)C=C1O)=N*=C,349.1650000000001,3.3230000000000013,70.92,2,4,6,1,0.5,0.5708672073241329,5.652509863230822
*C[SH](C)(C)OCCN(CCC(=O)O*)COC(=S)NC,311.44899999999996,0.3992999999999998,60.03,2,6,10,0,0.8181818181818182,0.3439306379803556,5.1181103786739275
*[Se]C1=CC(=CCOC(=O)C2=CC=C(c3cc(*)ccc3O)C2)C=C1,369.2780000000001,2.3721000000000005,46.53,1,3,5,3,0.10526315789473684,0.640482535249406,4.695172362937205
*C1=CC=CC=C2C=C(OC)C(COC(C)=S)*=C2N=CC(C=COC)=C1,355.45900000000006,3.9843000000000037,40.05,0,5,5,2,0.25,0.5523117347758493,5.908771172502649
*/C=C/c1ccc(-c2ccccc2N(*)CC=C)c([Si](C)([O][Na])C(=O)O)c1,359.43300000000005,3.4724000000000013,49.769999999999996,1,3,8,2,0.10526315789473684,0.5791559709719595,4.883199926728274
*OC(=O)CCCC(=O)Oc1ccc(C(C)=CC=CN2C=CN(*)C=C2C)cc1,366.4170000000001,4.101200000000004,59.08000000000001,0,6,8,2,0.23809523809523808,0.39214515139598133,4.057764066820371
*NC(CCCCCCOCCC(*)=S)C(=O)CNc1ccccc1,334.485,3.3240000000000016,50.36,2,5,15,1,0.5555555555555556,0.3805599319226855,3.6866912518413972
*N=[PH](C[N+](C)(C)C)Oc1ccc(S(=O)(=O)c2ccc(*)cc2)cc1,351.38800000000003,2.5136000000000003,55.73,0,4,6,2,0.25,0.5935451240052413,4.565255438317721
*Oc1ccc([Si](*)(C#N)O[Si](C)(C)CCOC=CC=CCOC)cc1,361.54600000000005,2.7455800000000012,60.71000000000001,0,5,11,1,0.35294117647058826,0.2624467173699747,4.914224868075328
*C#Cc1cc(C(F)(F)F)c(F)c(CC(=O)OC(=O)c2ccc(C=*)cc2)n1,362.25800000000004,2.7235000000000005,56.260000000000005,0,4,4,2,0.1111111111111111,0.36327990740553934,3.8712814313023385
*CCCOCc1c(OCCOCCOCCOC)ccc(N=*)c1OCC,368.4500000000001,3.3824000000000023,67.74000000000001,0,7,18,1,0.6842105263157895,0.3701217726301431,3.5589077369703555
*=Cc1ccc(*NC(C)(C)CCCOCN(C)CCOC(C)=O)cc1,334.46000000000004,1.6288999999999998,50.800000000000004,1,5,13,1,0.5789473684210527,0.337520209888425,4.132700643309813
*OC1=C(Cl)C(S(=O)(=O)/C=C/C[Se]C(*)=O)=CC=CC1,351.6690000000001,2.4818000000000007,60.440000000000005,0,4,6,1,0.18181818181818182,0.6898063511127934,5.070385026160667
*OC(=O)C(C)(CC)NC(=O)CC(I)(C#N)C*C,351.16400000000004,1.91768,79.19,1,4,7,0,0.7272727272727273,0.5614717221494845,5.523456081142637
*C(=O)NC(C=CN=C[Si](CC)CCCC)=CC=C=Cc1nnc(*)s1,357.535,3.4623000000000026,67.24000000000001,1,5,10,1,0.35294117647058826,0.3017048942992622,5.5665521448904265
*CCCO[CH2][Sn][CH2]C#CC(=O)OCC1C=NC(C=*)CC1,381.04000000000013,1.1881999999999997,47.89,0,4,9,1,0.6666666666666666,0.19832555290409168,6.135194545040355
*C1=CC=CC(OC2CC(*)=NN2CCCCOCCOC)C1OCC,336.432,2.1174999999999997,52.52000000000001,0,6,12,2,0.7222222222222222,0.5110691634573558,5.148669934836681
*CC(=O)NCC1CCCN(*)C(CCNC(=O)CCCCCCCC)C1,351.53500000000025,3.262100000000001,61.440000000000005,2,3,13,1,0.9,0.5007389588778545,4.014953569587514
*[Se]N1C=CN(C(=O)c2ccc(CC(*)([2H])C=CC=C=C=N)cc2)C=C1,369.304101778,2.866570000000001,47.400000000000006,1,3,6,2,0.1111111111111111,0.3628500563707671,5.472860906009995
*C(=O)CC1=C*NNC(C[Si]=CC(C=O)CC)=CC=CC(C)(C)C=C1C,356.54200000000014,3.0065000000000017,58.2,2,4,7,1,0.45,0.5437672357154395,6.283310274154909
*CN(CSCC)CC(=O)N(C)c1ccc(C(=O)Nc2ccc(*)cc2)cc1,369.49000000000007,2.595700000000001,52.650000000000006,1,4,9,2,0.3,0.690563999274229,3.4283140535384033
*CC1C=CC(=CC(=O)NNc2cc(*)ccc2-c2ccccc2)C=N[N+]=C1,342.40200000000004,2.4437000000000006,67.59,2,4,5,3,0.09523809523809523,0.6473092794374665,4.922358478829884
*[C]=C(C=CSCC(=O)NCC[PH](*)CC)CCl,277.75699999999995,2.5230900000000007,29.1,1,2,9,0,0.5454545454545454,0.3986049599303562,5.568203583253503
*OC(=O)Nc1ccc(-c2ccc(NC(=O)c3ccc(*)cc3)cc2)c(C)c1,344.37000000000006,4.101720000000002,67.43,2,3,4,3,0.047619047619047616,0.748595423115353,2.85984980366948
*C(*[NH])=CC=CNCN(O)C(O)C(C)C1=CCCOC(C)(C)C=C1,321.42100000000005,2.0479999999999996,88.76,3,5,8,1,0.5294117647058824,0.361618430810124,5.868384285697984
*CN(*)CCOC=CC=C1C(=O)/C=C/NC(=O)C2=CC=CCC=CC1=C2,336.3910000000001,2.2977,58.64,1,4,6,2,0.2,0.4593079229964314,5.875689831000589
*/C=C(/*)CC(CC(=O)OCC)C(Cl)CCBr,295.604,3.2783000000000024,26.3,0,2,8,0,0.7272727272727273,0.5072888991216443,5.080336011452397
*Oc1cccc(C2=CC=C(C(=O)Nc3ccc(S(*)(=O)=S)cc3)C2)c1,355.44000000000005,3.4514000000000022,55.4,1,4,5,3,0.05555555555555555,0.8924825757292806,3.8771846151775406
*OC=CC=CCCN(C)N/C=C/C1=CC=CC=C(*)COCCOCCO1,360.4540000000003,2.8141000000000007,52.19000000000001,1,6,8,1,0.4,0.4080965735158327,5.19774651301792
*N=*(CN[P][SH]([2H])F)C(=O)C(F)(F)F,225.12510177799996,1.7494999999999998,41.46,1,3,5,0,0.6666666666666666,0.5716337974838477,6.9176535986301575
*CCCCC/C=C/CCC(=O)NCCCSCCSCC(=O)N*,358.5730000000001,3.4040000000000017,58.2,2,4,17,0,0.7647058823529411,0.3089854279376493,3.6836737713879097
*CC=CC=C1C=NCCC(=[N+]OCSS(=O)(=O)c2ccc(*)s2)S1,386.54500000000013,2.583400000000001,69.83,0,8,7,2,0.2857142857142857,0.31174878390329264,5.549639968571008
*CCCCN1CCNC1CCCNC(=O)CCNc1ccc(O*)cc1,346.475,2.2071999999999994,65.63,3,5,13,2,0.631578947368421,0.4780244232019626,3.984278736899392
*C([CH2])C(C)OC1=CC=CON(C)CCCOCCOCOC=C*1,325.405,2.7490900000000007,49.39,0,6,3,1,0.5882352941176471,0.7951145812499353,6.031081244833519
*CC(*)NC(=O)OCCN(CC)C(=O)NCCC=CCC(F)(F)F,337.342,2.4858000000000002,70.67,2,3,10,0,0.7142857142857143,0.47520438186509223,4.254480369093706
*c1ccc(C(=CC=O)C=C2C=Cc3c2c(=O)c2ccccc2n(*)c3=O)cc1,351.36100000000005,2.5414000000000003,56.14,0,3,3,4,0.0,0.5382391509522415,4.0606469102641904
*C(=O)C=C(CF)N(Br)C1=CC=C(C(=O)c2cccc(*)c2)C1C,362.1980000000001,3.0451000000000015,37.38,0,3,6,2,0.17647058823529413,0.44358599384720976,5.169243330530679
*C(S)=CC=C=CCCCC(=O)NCCCNC(=O)COC1=CC=C(*)C1,360.47900000000016,2.548400000000001,67.43,3,4,12,1,0.42105263157894735,0.21683531298908226,4.190504301918993
*O[SH](=O)(C=CC=CCC=CC=C(*)O)NC(C=C)=CCC(C)=O,323.4140000000001,2.9175000000000013,75.63,3,4,11,0,0.1875,0.3103697579126136,5.442337419374634
*Nc1ccc(CC(NC(=O)C(C)(C)C(=O)N(*)CC)C(C)OC)cc1,333.432,1.9639999999999997,70.67,2,4,9,1,0.5555555555555556,0.6779187798702236,4.414238183289548
*C(=O)OCCS(=O)(=O)c1ccc(/C=C/Cc2ccc(*)cc2)cc1,328.389,2.5767000000000007,60.440000000000005,0,4,7,2,0.16666666666666666,0.7836408935596602,3.4008655218909283
*C[N+]N(*)CC(O)CCCOC=Nc1cc(Br)ccc1Cl,361.64700000000005,2.7125000000000004,59.16000000000001,1,4,10,1,0.46153846153846156,0.301608161083652,4.688728571863997
*CN(CCCCOc1ccc(N(C)C(=O)O*)cc1)COCCOC,338.40400000000017,2.3120000000000003,60.47000000000001,0,6,13,1,0.5882352941176471,0.4062687524788884,3.3782737465764106
*CC(OCC=CC1=C(c2ccccc2)CCCN1C)C(=O)NCCN(*)C,355.4820000000001,2.5446,44.81,1,4,10,2,0.47619047619047616,0.7005549410523254,4.241471082962741
*OC1=CC=CN(C2C=CC(=COC)CO2)Cc2ccc(*)cc2OC1OC,355.3900000000001,2.3494,49.39,0,6,4,3,0.3,0.7730711945441148,5.9585223528861695
*Cc1ccc(C(Br)c2ccccc2C(=O)N(*)CC)c(C(=O)O)c1,374.23400000000015,3.844800000000003,57.61,1,2,6,2,0.2222222222222222,0.7819662198436007,3.9583561170507515
*C#CC1=NCC(*)/C(CCNC(=O)OCC(F)(F)F)=C/C=CC=C1,324.30199999999996,3.006400000000001,50.69,1,3,4,1,0.375,0.8083458931694183,5.257991157279573
*C12C=C(C=CN3C=CC=CC3=CC(=O)N1C1=CC=[C]*C1)C(=[C])C=[N+]2,311.34400000000005,2.11548,37.650000000000006,0,3,1,4,0.1,0.7437276479685413,7.457162291683449
*Oc1cccc(/C=N/c2ccc(OCCC(CO)COCN(*)C)cc2)c1,356.42200000000014,3.0279000000000016,63.52,1,6,12,2,0.35,0.4677881383640446,3.944121577120483
*OC(N)COC1=CC=CCC(=O)CCCCC(*)(CCl)COC=C1,341.8349999999999,3.219100000000002,70.78,1,5,5,1,0.5882352941176471,0.6137825161201912,5.766801099345203
*NC(=O)/C=C(\C)c1ccc(CNC(=O)CCC[N+](C)(C)[N+](*)(C)C)cc1,346.475,1.5989,58.2,2,2,9,1,0.47368421052631576,0.40533644608556524,3.6468432695303292
*OC(C)(C)OCC(C)O[Si](C)(C)OC(C)(C)CO[Si](C)(C)O*,352.57600000000014,3.3214000000000015,55.38000000000001,0,6,12,0,1.0,0.3966025694795736,5.217707627746703
*N=P(C)(CCCCOC1NC(*)=CC=C1COCCOC)OCC,344.39200000000017,2.939400000000001,61.31,1,6,13,1,0.75,0.4111134619301113,5.200354951502769
*CCC=CC=C1N=C(C=CC[Si](*)(C)OC(CO)CCOC)CO1,337.4920000000002,2.804400000000001,60.28,1,5,12,1,0.5882352941176471,0.5563881602452238,5.626116270184087
*C(=O)c1cc(F)ccc1N(*)CC(O)c1ccc(C[N+](Cl)CN)cc1,349.793,2.2295999999999996,72.46000000000001,2,5,8,2,0.23529411764705882,0.5660028821925757,4.388050870242173
*C(=O)C1=C([Si]C(C)CCNC(=O)OCCN(C)C)N*C(=CC)C1C,350.51500000000004,1.6074999999999995,70.67,2,5,9,1,0.6470588235294118,0.618346888150875,5.366231006987588
*CCCCCSCC(=O)NC1CNCCN(N*OC)C1CC,331.5060000000001,1.0921000000000012,65.63000000000001,3,6,12,1,0.9333333333333333,0.4654063702131897,4.928431011882401
*c1ccc(C=CC(C=C)=CC=C[SH](C)(=O)CCCS(*)(=O)=O)cc1,350.50500000000005,2.416200000000001,51.21,1,3,9,1,0.2222222222222222,0.549608154681166,5.125364132104244
*N(C)CCNC(=O)CCCCC(=O)N*C/C=C/[C]1[Ge][CH2]C1=CC=CC,404.07000000000005,2.320389999999999,61.440000000000005,2,3,13,1,0.5263157894736842,0.36616332979364136,4.766103492202394
*S(=O)(=O)c1ccc2sccc3c(C(=O)OCC)cc*c3cc2c1,345.42100000000005,4.031400000000002,60.44,0,5,3,3,0.11764705882352941,0.6724884100184649,3.735734752660159
*/C=C/C(CCc1ccccc1)C(=O)C*N(CC)CCCCC(=O)CC([CH2])=O,369.5050000000002,4.140390000000004,54.45,0,4,16,1,0.4782608695652174,0.32454700590943963,4.536692778765372
*c1cc(C(=O)OCCC)c(*)c(N(C#N)Cc2ccccc2)c1,292.33799999999997,2.09028,53.33,0,4,6,2,0.2222222222222222,0.46460226040142477,3.611852321785655
*CN(C(=O)OCCNC(=O)c1ccc(C=*)cc1)c1ccc(Cl)cc1,343.7900000000001,2.9194000000000013,58.64,1,3,7,2,0.16666666666666666,0.7863135003775673,3.058852461012659
*C1=Nc2cccc(c2OC=C)C=CC=C(C(=O)N(C)C)C([C])(N(*)C)C1,334.3990000000001,2.9426900000000016,45.14,0,4,4,2,0.25,0.7954499653803518,6.1387729136889995
*CC1CCC(C*)C(CC(C)COCCCO[N+])COCCOCCO1,357.49100000000016,2.799400000000001,68.45000000000002,0,5,10,1,1.0,0.4441328406000336,5.7411331546452145
*SCCCCCCCS(=O)(=O)CCCC(=O)NC*CC[N]NC,365.5650000000001,1.6452000000000002,89.37,2,5,18,0,0.9333333333333333,0.2846838771332342,4.2592044229898285
*SCC(=O)NCCCCCOCCCCN(*)CCCCC#N,327.4940000000001,2.727380000000001,65.36,1,5,17,0,0.875,0.41615264599705876,3.5360995460714664
*CCCNN(CC)NC(=O)CCCC(=O)SCN(*)CCCCCl,364.9430000000002,2.3747000000000007,64.67999999999999,2,6,16,0,0.8666666666666667,0.18962038531747538,4.4770311692870095
*C(=N)n1c(*)ccc1OCCCCCC/C=C/C(=O)C(C)=CC=CC,326.44,3.9718700000000036,55.080000000000005,1,3,11,1,0.4,0.21984733826509426,4.14841025869443
*OC(=S)CCSC(=O)C1=C(C=Cc2cc(C#N)ccc2C(*)=C)C=C1,351.4520000000001,4.416080000000003,50.09,0,5,7,2,0.10526315789473684,0.6808855406338035,4.491239104848276
*NC(=O)c1ccc(C(C)(C)CNC(=O)C(C)CC(C)(C)[N+](*)(C)C)cc1,346.49500000000006,2.620000000000001,58.2,2,2,8,1,0.6,0.7601142496048195,4.045967054735403
*N=P(*)(OC=C1C=CC(F)C=C1)OCCOCCOCCOCC,347.32300000000015,3.397100000000002,58.510000000000005,0,6,13,1,0.6,0.29032087174872206,4.888057665709219
*CC(=C)PCCCOC=CCN(*)C=O,213.21699999999998,1.9892999999999998,29.54,0,2,10,0,0.5,0.24022955204323462,5.922328818994964
*c1ccc(N(C)CCCCCCOS(=O)(=O)N2CCCN(*)C2)cc1,353.48800000000017,1.5487,53.09,0,5,10,2,0.6470588235294118,0.5975370060550945,3.8333664757650308
*=C(C*Oc1ccccc1C[SH]C(=O)Cl)CC(C)(C)COCCO,359.89500000000015,3.9549000000000034,55.760000000000005,2,4,12,1,0.5294117647058824,0.3368020434114807,4.562469965273632
*OC(C)(CCCCCOC(C)(C)C)C(=O)OC(F)(Cl)C(=O)N(*)C,353.81800000000004,2.9295000000000018,65.07000000000001,0,5,10,0,0.8666666666666667,0.3430403051752258,4.763753021557714
*c1ccc(C(=O)NCCCCCSCCCNc2ccc(*)nc2)cc1,355.507,2.566300000000001,54.02,2,4,12,2,0.4,0.5747355898217639,3.3504703405362477
*N1CCNC(=O)C=CC=CC=C([CH2][Ge]([*])[CH3])CCOCCOC1=O,379.98000000000025,1.6352,67.87,1,4,2,1,0.5,0.7403305577848154,4.87768441698611
*OCCC1CON2C=CC=C(CCCCCCNC[C]=O)*CCC2N1,349.4750000000001,2.3433,62.830000000000005,2,6,12,2,0.7368421052631579,0.5274856039824893,6.082061188756757
*C1=CC=CCC2=CC=C3C(=O)C2C(=CCCNO1)*C1C=CN3C(C)=C1,333.41100000000006,3.7616000000000023,41.57,1,4,0,5,0.2857142857142857,0.7327517105075527,7.3173660423374365
*CCCOC(=O)C=C(Cl)[C](*)C(=CC(=O)OCCC=CC=C)N(F)F,360.76399999999995,3.7216900000000024,55.84000000000001,0,5,12,0,0.3125,0.17445224087068847,4.587905313639485
*CCOCCCCCCCC(=O)NCC(C)C(=O)NCC(*)CC(C)C,354.5350000000001,3.563600000000002,67.42999999999999,2,3,17,0,0.9,0.392479407882507,4.088987408081879
*OC(Cl)(C([2H])OC=CC=C(*C=C)[SH](C)(=O)[C]=O)[SH](F)(F)F,354.79710177799996,2.8642000000000016,52.6,2,4,10,0,0.3,0.2740332854530117,7.4297298284005375
*c1ccc(C=CC(=O)C=CC=C=CC2C(=O)c3ccc(*)cc3C2=O)cc1,338.3620000000001,2.5810000000000004,51.21,0,3,5,3,0.043478260869565216,0.3643807014232747,4.7804667986394715
*C(=O)c1ccc(SC(*)COCCOCCOCCSN(C)C)cc1,371.524,2.6032,48.00000000000001,0,7,15,1,0.5882352941176471,0.2667550745766491,4.243185879666476
*c1ccc2c(c1)C(=O)C(=O)CC2(C)CC=CNC=CC=C(N=*)N1C=C1,332.38300000000004,2.6426000000000007,61.54,1,5,7,3,0.2,0.6158501023064794,5.465702878911226
*c1ccc(OCN(C)C(=O)C2=CC=CCC3(C)*C(=C2)C(=O)OC3)cc1,338.3830000000001,2.2465,55.84,0,4,4,3,0.3,0.624078745024329,5.968477525191412
*NC(C)NC(=O)C1=CC(=CCC(=O)N[Si](CCCC)c2ccccc2)[C]1*,367.5250000000001,1.65529,70.22999999999999,3,3,10,2,0.35,0.4350435135167752,4.916437242800956
*Oc1cncc(C(=O)C2=C(c3ccccc3)C(=O)C(*)(c3ccccc3)C2)c1,353.37700000000007,3.9788000000000023,56.26,0,4,5,4,0.08695652173913043,0.6512376727403699,3.820273275109722
*C#CC[Si](C)(C)C=C1C=NC1C=CC1=C(S(=O)(=O)CCCO*)C=C1,359.5230000000002,2.789500000000001,55.730000000000004,0,4,9,2,0.3888888888888889,0.3613015159744172,5.843694098844558
*CCOCCOCCCONC=C(C=C/N=C/OCCCCC)N(*)C,355.4790000000002,2.884800000000001,64.55,1,7,19,0,0.7222222222222222,0.12635381769244056,4.474686601198661
*c1ccc(C(=*)C2=NC(CCC)C=C(OC)C#CCCOCCO2)cc1,338.4270000000001,2.4688000000000008,40.05,0,4,5,2,0.42857142857142855,0.7745527304671088,5.606672962817598
C[Si](C)(*c1cc[c]([GeH])cc1)CCCS(=O)(=O)CC*[O],358.0710000000001,0.7817999999999998,54.04,0,2,9,1,0.5384615384615384,0.6131336717880242,5.243494632577918
*c1ccc(S(=O)(=O)C2=CC=C[Si](C)([Si](C)(C)C#N)*S2)o1,340.55400000000003,2.33638,71.07,0,5,3,2,0.25,0.7898585755310814,5.760734120413808
*/C=C/CSCCSC(=O)CCCCS(=O)(=O)CCCN(*)CC,365.5860000000002,2.8038000000000016,54.45,0,6,15,0,0.8,0.4160283599479557,4.207402734059948
*CCCCCC(=O)N(NCCC)[Si](C)(C)CCC[NH2+]NC(*)=O,329.54100000000005,1.5901000000000007,78.05000000000001,3,3,14,0,0.8666666666666667,0.1488507273121605,4.963524638309544
*CCN(CCCOC(*)(C)C)CC(=O)OCCCC1[N+]CCOCC(C)O1,371.4980000000001,1.6373000000000002,71.33,0,6,13,1,0.9473684210526315,0.3620157842777528,5.260647625162077
*CCC(=O)[Se]C(COC(C=C)=CC=CC#N)C(=O)c1ccc(*)cc1,386.30900000000014,2.587180000000001,67.16,0,4,11,1,0.21052631578947367,0.19279982712124882,5.292740252690712
*CC(*)(C)C(=O)OCCCCCN[Si](C)(C)C1=CC(C#N)CN1C,335.52400000000006,2.698380000000001,65.36,1,5,10,1,0.7647058823529411,0.3776574953255334,5.206232215731077
*C#CC1=CC2=C/C=C/CCCNCC(CNS(=O)(=O)C3C*[C]3C)CC2=C1,370.5180000000002,2.5920900000000007,58.199999999999996,2,3,4,3,0.47619047619047616,0.7480989701595436,5.905296006732323
*C1C*C(=O)C(SSc2ccc(NC(=S)OC)cc2)NCC1=O,355.48600000000016,2.6361999999999997,67.43,2,7,4,2,0.35714285714285715,0.6310945086661012,5.11610517275226
*OC(F)(COC1C=CN(*)CC1)C(=COCCOCCOC)OC,333.35600000000005,1.3694,58.620000000000005,0,7,13,1,0.7333333333333333,0.37258068751327045,5.292060006447825
*C(=O)CCCCC(=O)Nc1c[c]c(Cc2*cc(CCCNCC)cc2)cc1,365.49700000000007,3.9133900000000024,58.2,2,3,13,2,0.43478260869565216,0.5291780021964964,4.21455185386599
*CCOCCOCCOc1ccc(C(=O)NCc2ccc(O*)cc2)cc1,357.40600000000006,2.8393000000000006,66.02000000000001,1,5,13,2,0.35,0.5585674966807967,2.8769083993635167
*c1cc[n+](-c2cccc3c2OCC(=CC(=O)Nc2cccc(*)n2)C=C3)cc1,354.389,1.6782000000000001,55.1,1,3,3,4,0.045454545454545456,0.5751524161657613,4.284585251191555
*c1cc(/N=C/c2ccc(CC)cc2)ccc1C(=O)NN(C)CCN(*)C=C,348.45000000000016,2.6606000000000005,47.940000000000005,1,4,9,2,0.23809523809523808,0.5598048951224609,3.804940089041361
*CC(O)Oc1ccc(-c2ccccc2C(=O)[Si](*)(C)[O][Na])c(O)c1,338.367,2.1673,75.99000000000001,2,5,7,2,0.1875,0.5976562563087495,4.608640846783958
*OC(=O)[SiH](*)OC(=O)CC(C=CC1=COCCN(CC)C1)SCC,357.50400000000013,1.786,65.07,0,7,9,1,0.6,0.5828859194919128,5.543581669132964
*CC=C(C=C1C=C(Br)C(N=*)C(O)=CC1=C)NNC(=O)OC,353.1960000000001,3.0169000000000006,82.95,3,5,5,1,0.21428571428571427,0.6638031266291594,5.446182546126442
*OC(=O)C1=CC(=C[Si](C)(C)C(O)N(C)C)C=C(C(=O)N(*)CCC)C1,350.49100000000016,1.5464999999999993,70.08,1,5,7,1,0.5294117647058824,0.5571435980577291,5.180475546808359
*Cc1ccc([NH+][Sn]([CH3])[O-])c(C2=CC(=O)C3=CC=C(*)C3=N2)c1,382.9950000000001,-0.06729999999999947,68.09,1,4,4,3,0.125,0.7406607811112165,5.360729436435372
*C(=O)NC=C1C=C2CC=CC(=CC1)N(c1ccc(*)cc1)C=CC(=O)N2,331.37500000000006,2.5717,61.440000000000005,2,3,2,3,0.1,0.8754956902399138,5.8698151057258645
*CC(COCCN(C)CCOCCOCCC(C)C)CC(=O)O*,331.45300000000003,1.9954999999999996,57.230000000000004,0,6,17,0,0.9411764705882353,0.3800192451442619,4.0922439392030245
*NC(CC(C)(C)N)C(O)(Cl)c1ccc(CNc2ccc(*)cc2)cc1,345.8740000000001,2.4071000000000007,70.31,4,4,8,2,0.3684210526315789,0.5544881993352914,4.418432050169759
*CC(O)CN(C)C(=O)OCC(Cl)(C(F)F)C(F)(F)C(*)C=O,335.681,1.798,66.84,1,4,9,0,0.8181818181818182,0.3962359963005044,5.454045384308572
*c1ccc(CC(=O)C(CCC)C2C=*N(C(=O)C(C=O)SCl)C2)cc1,365.88200000000006,2.1042,54.45,0,4,9,2,0.4444444444444444,0.49651938366633225,5.544916400533148
*Oc1ccccc1OCCOCCOCCOc1ccc(OCCC)c(*)c1,374.4330000000001,2.9841000000000015,55.38000000000001,0,6,15,2,0.42857142857142855,0.4468995317803204,3.087852284158589
*OC1*C2=CC(CO)NC(CC)C=CC(C)(C)SC(=CC([N+](=O)[O-])=CC2)C1,379.5020000000002,3.4113000000000024,84.63,2,6,4,2,0.5789473684210527,0.442320063491882,7.250998135084527
*C#CC(CCCOCC(=O)CCNCc1cccc(Cl)c1)CNCC(=O)[CH]*,389.9030000000002,2.1817899999999995,67.43,2,5,16,1,0.47619047619047616,0.33487397020856996,4.222761050601935
*N(CN(C)C)c1ccc(CCOC(=O)C=CC=C(C=C)C(*)(O)F)cc1,346.402,2.395600000000001,53.010000000000005,1,5,10,1,0.3157894736842105,0.30512404610134386,4.370161171851163
*Oc1ccc(/C=N/C(=O)c2ccc(C(=O)N3CCN(*)CC3)cc2)cc1,335.36300000000006,2.0111,62.21,0,4,4,3,0.21052631578947367,0.8020922154705616,3.22952716063922
*CCC(CCC)C(=O)NCCN(CSC)C(=O)C(CCl)N*,335.90100000000007,1.6869999999999998,61.440000000000005,2,4,13,0,0.8571428571428571,0.39699731926608295,4.834728755935549
*[C]1C(=COC)C(=CC=C(C=C)CC[PH](C)(C)[SH](C)(=O)O)N1CC*N,374.4870000000001,2.67849,75.79,3,4,10,1,0.47058823529411764,0.23722706306566027,6.063787348995433
*c1ccc(O*Cc2ccc(Br)cc2)c(NC(=O)ON(C)C)c1,364.2190000000001,3.227800000000001,50.800000000000004,1,4,6,2,0.1875,0.80010035851461,3.897558406745472
*COc1ccc(C2=CC=CCCN=N2)c(OCc2ccc(O)cc2*)c1,334.375,3.7844000000000024,63.41000000000001,1,5,6,3,0.2,0.8741254701221821,4.017414719234472
*C(=O)Nc1ccc(OCC[N+](C)(C)CCOc2ccc(*)nc2)c(C)c1,342.41900000000004,2.18002,60.45,1,4,9,2,0.3684210526315789,0.7097780281746582,3.528970269530329
*NC(=O)CCC=C(CCC(C)C)C(=O)OCCSCc1ccc(*)cc1,361.50700000000006,3.3609000000000027,55.400000000000006,1,4,12,1,0.5,0.35230845312262105,3.7241918079918666
*C(=O)Nc1ccc(CN(*)CC(C)C(=O)NCc2ccc(F)cc2)cc1,341.386,3.125700000000002,61.440000000000005,2,3,8,2,0.2631578947368421,0.7754112719991362,3.4327404173727647
*CCC1(*)COC(COCCOCCOCCCCCOC)CO1,332.43700000000007,1.8715999999999995,55.38000000000001,0,6,16,1,1.0,0.4022975667913124,4.394238358096175
*CCC(=O)NCCS(=O)(=O)CCSCCCCCCS*,339.5480000000001,2.3662,63.24,1,5,15,0,0.9230769230769231,0.46412191190850854,3.761893596783226
*C1=C(Cl)CC(OC2C=C(F)C(F)=C(C)C(S(*)(=O)=O)=C2)N=C1C,347.77000000000004,3.435500000000003,55.730000000000004,0,4,3,2,0.35714285714285715,0.7855070725310375,5.658310585250209
*N[Se](CC/N=C/NC(=O)Nc1ccc(*)cc1)Cc1ccccc1,374.32600000000014,1.8382999999999994,65.52,3,3,8,2,0.17647058823529413,0.37509761810461456,4.13624931309972
*N1CCCCCC*C=CC(CCOC(=O)NC(=O)c2ccccc2)CC1,357.4740000000001,4.306700000000004,58.64,1,4,4,2,0.5238095238095238,0.8723757567033863,4.550140182227876
*C(=[SH]C(=O)OCCCCC(C)c1ccc(*)cn1)C(=O)OCCC,337.44100000000014,2.764500000000001,65.49,1,5,9,1,0.5294117647058824,0.32479371674994023,4.63186668167794
*CC(COC#CCC)COC(=O)OCCC=CC(*)NCC(C)C,323.43300000000005,3.178200000000002,56.790000000000006,1,5,12,0,0.7222222222222222,0.2586572270186787,5.085384344718248
*C1=C(O)CC(CN(CC(C)CC(=O)OC)N(*)CC=CC=COC)CC=C1,362.4700000000001,3.170300000000002,62.239999999999995,1,6,11,1,0.55,0.26361519001816763,5.2443284827660115
*C#CCOc1ccc(C(=O)CCCCC(=O)N(*)C(=O)CCCS)cc1,359.44700000000006,2.848200000000001,63.68000000000001,1,5,11,1,0.42105263157894735,0.2855816459819639,3.49080473106879
*c1ccc(C#CC2=CC=C[Si](COCCOCCCO)O*C=C2)cc1,354.47799999999995,1.7247,47.92,1,4,8,2,0.3,0.4387545017705625,5.174414621851831
*C1=CC=CC(=O)C(C([N])=O)=CCCC=CC(*)=CC(=C)NC=CC=C1,318.376,3.0230000000000006,68.47,1,3,1,1,0.1,0.7556390406150774,5.187022944998404
*CCC[N+](C)CCCN(C)C(=O)OCCCCCCCNC(*)([N])C=O,354.49500000000006,1.5833000000000004,86.84,1,5,17,0,0.8888888888888888,0.24403851261069137,4.737386829015177
*OC(=CC=CCC#CCCCOC(=O)CCC1=C(C=CC#N)C=C1)C(*)=C,347.41400000000004,4.413680000000004,59.32,0,4,11,1,0.2727272727272727,0.13865361287270583,4.666404818275126
*OC(=O)[Si](CCSCC)OCC1C=CC=CC(O[Si](*)(C)C#N)=C1,366.5670000000001,3.256980000000002,68.55000000000001,0,6,10,1,0.4666666666666667,0.43655537125091254,5.932385682510891
*CCCSCCNC(=O)C=CC=CC1=CC=C(C(=O)OC)O[C]1*,334.41700000000014,2.3581900000000005,64.63000000000001,1,5,10,1,0.35294117647058826,0.28751029702076425,4.285903763649171
*O[Si](C)(CC)Oc1ccc(C(=O)NCC=CC=C(*)C[N+](C)C=C)cc1,358.5140000000002,3.270800000000002,53.46000000000001,1,4,11,1,0.3157894736842105,0.37518658543766015,4.719819053547402
*OC=CC=C1CCCN(S(=O)(=O)N(*)OC(C)C)C=C1c1ccccc1,362.4510000000001,3.395400000000002,59.08,0,4,7,2,0.3333333333333333,0.5509760721175047,4.197687807991867
*Oc1ccc(NC(=O)C(C)/C=C/C(=O)/C=C/Cc2ccc(*)nc2)cc1,334.37500000000006,2.5981000000000005,68.28999999999999,1,4,8,2,0.15,0.753603782262359,4.24002032830394
*/C=N/[Si](*)(C)CCC(C)OCCCOCCOCCOCCOC,347.52800000000013,2.0667999999999997,58.510000000000005,0,6,18,0,0.9375,0.21577023440350535,4.464479347107164
*O[Si](C)(C)OC(C)C(*)CON1C=C(OCCC(CC)OC)OC1,347.48400000000015,2.7639000000000014,58.620000000000005,0,7,13,1,0.8666666666666667,0.4748008225532896,5.667689052223505
*O[Si](*)(C)CCOCCOCNNNc1ccccc1-c1ccccc1,359.5020000000001,2.8676000000000013,63.78,3,6,13,2,0.3333333333333333,0.22121013711200813,4.029081695479274
*[CH2][Sn]([CH3])[CH2]CCP(*)(=O)SC(CO)=C(C#N)OC,381.0020000000001,2.857380000000001,70.32,1,5,9,0,0.7,0.288028355874062,5.953058783674646
*CC(=O)C1C(C)=CC=C(C(=O)CC(*)([2H])CC=C(C)F)CC2=[N+]C=CC=C21,340.41610177800004,4.2066000000000034,48.24,0,3,7,2,0.38095238095238093,0.6969766895304742,6.175473006663166
*CC(O)CN(CCC)C(CO)CCSc1ccc(S(*)(=O)=O)s1,365.54200000000003,1.8697,77.84,2,7,12,1,0.7142857142857143,0.55075152226635,4.784421050169906
*C(=O)c1cc(*)ccc1C(=O)Nc1ccc(OCN(CC)CCCC)cc1,352.43400000000014,3.261300000000002,58.64000000000001,1,4,10,2,0.3333333333333333,0.6669603979440435,3.226424704425977
*CCCCOC(=O)N(*)CCCOCCOCCSC1CCOC1,347.47700000000003,2.5825000000000005,57.230000000000004,0,6,15,1,0.9375,0.4244849111222874,4.329371614788308
*OC1OCC(=O)C[PH](*)(CCCCO)CC=C1C=C(C)C(F)(F)F,354.30499999999995,2.814400000000001,55.760000000000005,1,4,6,1,0.6666666666666666,0.588726009508521,5.9864422230211005
*CC=CC=CCC(*)C(=O)NS(=O)(=O)c1ccc(Br)cc1,356.241,3.0619000000000014,63.24,1,3,7,1,0.21428571428571427,0.764085210674986,4.138641043490731
*N1C=CC=CC(C(=O)NCCN(*)C(=N)CCOc2ccccc2)C1,326.4,1.7812699999999997,68.66000000000001,2,4,8,2,0.3333333333333333,0.5643480104181919,4.229213849364308
*CCOC(=O)NC/C=C/CN(*)CCCCCCCOCCOCCOC,372.50600000000014,2.6328000000000005,69.26,1,6,20,0,0.8421052631578947,0.2616988691973506,3.6388623523549697
*N1CC*(C(=O)CCCCCCCN(C=O)SCCCC)C(O)C1,344.52100000000013,2.8976000000000015,60.85000000000001,1,5,14,1,0.8823529411764706,0.2981953844231715,4.975756724678418
*NC(CCCS(=O)(=O)N(CC)Cc1ccc(*)cc1)OCC=CC=C,350.4840000000001,1.9318999999999995,58.64,1,4,13,1,0.4444444444444444,0.43622485588005105,4.489297944998404
*N=P(*)(CSCCOC)OCCOCCOCCOC,313.35600000000005,2.0645,58.510000000000005,0,7,15,0,1.0,0.34064131382861157,4.320816574011241
*C[Si](C)(O)OCc1ccc(N(C=C)C(*)OC(=O)Br)cc1,358.264,3.0886000000000013,59.00000000000001,1,5,8,1,0.3076923076923077,0.43969199171578116,5.038264911961569
*C#CC(C)CCS(=O)(=O)CCCCCCS(=O)(=O)CCC(*)C,348.5300000000001,2.6606000000000005,68.28,0,4,13,0,0.875,0.3789522044346225,4.652574012448012
*C=[Si](C)C=C1C=CC2=C[Si](C=C1)S(=O)(=O)C2=CC=CC(C)(O)O*,361.5470000000001,1.6474999999999997,63.60000000000001,1,4,4,2,0.1875,0.6108043072811765,6.918308397341326
*OC(=O)C1=CC=CCN(C)CC(C(=O)N(*)C(=O)CF)C=C1,294.282,0.3833,66.92,0,5,3,1,0.35714285714285715,0.7527574300060563,5.387076435904363
*OC1=CCN(CC)CC2=CN(C)C(=O)COC(=N1)[Si](CCCC(*)=O)C2,362.4820000000002,1.3053,71.44,0,6,6,2,0.5882352941176471,0.6663303234376198,6.284752616215374
*C#Cc1ccc(COC(=O)CCCCCCC(=O)CN2CCN(*)C2)cc1,354.4500000000001,2.5372000000000003,49.85000000000001,0,5,11,2,0.5238095238095238,0.3472089704083069,3.432064852354971
*CCOCCOCCOC(=COCCC(C)CCCC)C(*)=CO,328.44900000000007,4.026900000000003,57.150000000000006,1,5,17,0,0.7777777777777778,0.24813253052759596,4.470813208194903
*CC/C(*)=N\CCCOC(CBr)COCCOCCOC,352.2690000000002,2.1417,49.28,0,5,16,0,0.9285714285714286,0.24264194680233822,4.400244542250036
*CCCCN(CCCSCCNC(=O)COC1=CC=C=[C]*=C1)OC,351.4920000000001,2.1103899999999998,50.80000000000001,1,5,15,1,0.6111111111111112,0.27818830190521826,4.746975335617506
*C(=C/C=C/c1ccc(/C=C/c2nnc(*)n2Br)cc1)[N+](=O)[O-],345.156,2.4617000000000004,73.85,0,4,5,2,0.0,0.4740315994154035,4.185115253743065
*c1ncc2c(c(CN)csc1CC)C=CCC([Si](*)OCC)C=C2,343.54800000000006,3.337500000000002,48.14,1,4,5,2,0.3888888888888889,0.8343005532281939,5.504671883509865
*c1ccc(NOCC=CC=C2C=CC(=O)CCc3ccc(N=*)cc3N2)cc1,358.421,4.192800000000003,62.72,2,5,6,3,0.13636363636363635,0.6002476177121204,4.6772113990339905
*NC(CCCCC[N+](C)(C)C)c1ccccc1NC(=O)C(F)C(*)=O,336.4310000000001,2.4007000000000005,58.199999999999996,2,3,11,1,0.5555555555555556,0.37057690834454415,4.31403012786671
*OC1=CN([2H])C(F)=C(C=C2C=CC=C(C(=O)Oc3ccc(*)cc3)C2=O)C=C1,350.3231017780001,2.4211,64.63,1,5,4,3,0.0,0.2970500922808578,4.680974323230627
*C#CCCS(=O)(=O)CCCOC(=O)/C(C)=C/CCCCS(*)=O,346.4700000000001,1.5644,77.51,0,5,12,0,0.6666666666666666,0.2319234002224632,4.5917756382229875
*/C=C/CCC(*)C(=O)CCN(CCO)OCCCCCOCCO,329.43700000000007,1.5317,79.23000000000002,2,6,18,0,0.8235294117647058,0.29323026440992417,4.566268592810287
*C(=O)CC(C)C(CN1C=CC=CN(CCC(C)C)*O1)C(=O)NC(C)C,350.4830000000001,2.7670000000000012,61.88,1,5,10,1,0.6842105263157895,0.6563499770702246,5.076521039500442
*NNc1ccccc1C1=CC=CN2C=CC=C(Nc3ccc(*)cc3)C(=O)C1C2,368.44000000000017,3.1633000000000013,56.4,3,5,5,4,0.08695652173913043,0.70808811299685,5.362677620802546
*C1=CC(=CC2=CC=CN(CCOS(=O)(=O)NC)CO*C=C2)C=CS1,367.47200000000004,2.2883000000000004,67.87,1,6,6,2,0.25,0.7768935245372741,5.622591604042063
*[C]=CC=c1cc*n1COC=C(COCCOCCOCCCC)O[C],348.41900000000015,2.0812799999999996,51.08000000000001,0,5,16,1,0.5263157894736842,0.3381594167400329,4.951000518051039
*[C]1N=CC=C(CCCCSCC(*)=O)C=C1S(=O)(=O)c1ccccc1,360.4800000000001,3.373190000000002,63.57,0,5,9,2,0.2777777777777778,0.6334868357057507,3.8737043050590243
*OC(COC1=CCCSC(C(C)=O)*=C(C)C(OC)=C1)C(C)(Cl)C#N,371.8860000000001,3.1170800000000014,68.55000000000001,0,6,7,1,0.5882352941176471,0.6403066869008743,6.145198042881078
*c1ccc(CCC2=CC=CC(=O)NCCNC(=S)NN*C=C2)cc1,341.46,0.8886000000000003,65.19,4,3,3,2,0.2222222222222222,0.6151894316182486,4.97358979115225
*CCCCCCCC(=O)C(=O)CNCCCC(=O)N1*CCCCC1,337.48400000000015,3.2334000000000023,66.48,1,4,14,1,0.8421052631578947,0.39025396602417733,3.961731984266155
*C[Si]1CC(C(=O)S)=C(C=CN(CC(=O)C(C)C)C(F)(F)F)OC(*)C1,378.4680000000001,3.1647000000000016,46.61,1,4,7,1,0.6,0.41997034626749496,5.728542967622839
*P(=O)(CSCNC(=S)O*[O])OCN(C)C1=CC=CCC=C1,348.3860000000001,2.919500000000001,70.69999999999999,1,6,9,1,0.4166666666666667,0.2972337373518616,5.654352699662423
*NC(=O)C1=CC=C(*[Si](C)(C)N(CCCC)CCCCC)C1NCC,350.60300000000007,3.448000000000002,44.370000000000005,2,3,13,1,0.7368421052631579,0.3949127047435276,4.76824480306991
*[C]=CC(=O)OCCCC1=CC=CC=C2C=COCCCCC*C=C2C=C1,350.4580000000002,5.2561900000000055,35.53,0,3,5,2,0.34782608695652173,0.3855222072434851,5.125132942036055
*CC(O)OC(=O)C(C)CC(=O)NCN1*C(F)(Cl)C(C)CC(C)C1,351.82600000000014,1.7554999999999996,78.86999999999999,2,5,7,1,0.8666666666666667,0.41488086575595784,5.581501918526023
*NC(=O)C(C)C*C(=O)N(C)C(CC)CCCN(C)C[Si](C)(C)C,342.5800000000001,3.126100000000001,52.650000000000006,1,3,12,0,0.8823529411764706,0.5544466998393416,5.070345044486707
*c1ccc(N(CCCC)C(=O)NCC(CO)(CCl)N(*)CC)s1,345.8960000000001,1.9949000000000001,55.81000000000001,2,4,10,1,0.6666666666666666,0.6376114819023609,4.7649398985780165
*C(=O)COC1COCCSC(=O)C1c1ccc(-c2ccc(*)o2)s1,350.4170000000001,2.0174000000000003,65.74000000000001,0,7,5,3,0.375,0.8219164097249502,4.941987057987832
*CCc1ccc(OCCc2ncc(*)n2C(=O)c2ccc(OC)cc2)cc1,348.4020000000001,2.886400000000001,53.35000000000001,0,4,8,3,0.23809523809523808,0.6280844670858812,3.115299467739587
*CCN(OCCOCCOCCCC(=O)O*)C(C)=CC(Cl)CC,349.8550000000001,2.9297000000000013,57.230000000000004,0,6,16,0,0.8125,0.24246711587844225,4.734514842213058
*C1OCC(C(*)(C=CC=C(C([N])=O)C(=O)OCCC)CCC[2H])N1CCC,349.44910177800017,2.4693000000000005,78.14,0,5,11,1,0.6842105263157895,0.18821100713644973,5.782399718890044
*/C=C/C1=C[N+](OC(C)CC)=C(*)N=C(NOCC(C)C)C1=COCCOC,364.4660000000002,2.7174000000000005,64.32000000000001,1,6,11,1,0.5789473684210527,0.26429445630231957,5.307741584612991
*N=P(*)(OCCN(C)OCCOCCOCCOC)N(C)CC,339.37300000000005,1.4575000000000002,64.99000000000001,0,7,16,0,1.0,0.23954774834983075,4.627884825958328
*c1ncc(C(CNC(=O)Cc2ccccc2C(=O)O)C(*)C=S)s1,346.433,1.795899999999999,79.29,2,5,8,2,0.25,0.7126774754576631,4.451413107260055
*C#CC#CC#CCCOC(=O)C1NC(CC(=O)N*)=C(CCCC)C(C)=C1CC,378.47200000000026,2.5499,67.42999999999999,2,4,9,1,0.4782608695652174,0.3676072684666989,4.9692777524063905
*CCNC(=O)CCNC(=O)C1CC(CCC2=C(C=CN(*)CC)C=C2)C1,343.47100000000006,2.549200000000001,61.440000000000005,2,3,12,2,0.6,0.5723992532551948,4.152427500299559
*C(SCC1C(F)=CC=CC(=N)C(C)=CC1=C[Si](*)(C)C)=C(O)C#N,346.5030000000001,4.7450500000000035,67.87,2,4,4,1,0.29411764705882354,0.3341056792023591,5.953535000392983
*NC(=C)[Si](*)(C=C1C=CC(S(=O)(=O)Nc2ccccc2)=C1)CCl,350.903,2.7272000000000007,58.2,2,3,7,2,0.06666666666666667,0.586908338251202,4.547948462321964
*CCC(=O)NCCCCC(=O)OCCCCCN1CCN(*)CCC1C,353.5070000000001,2.2046,61.88000000000001,1,5,13,1,0.8947368421052632,0.4062413540251662,3.8134676967249916
*CCCCCCCCNC(=O)C=[PH]/N=C/CCCC(=O)O*,313.3580000000001,3.0551000000000013,67.76,1,4,14,0,0.7333333333333333,0.30434467243450947,4.7602063941890504
*C(=S)c1cc(C=CNC(=O)CC2CCN(*)C2C=O)c(COS)cc1F,380.46600000000007,2.2426000000000004,58.64,2,6,8,2,0.35294117647058826,0.31354684297558333,5.28487036026483
*OC=CC=C(C=CC#C)OP(=O)(O)C=CC1=C(C=C)C=CC(C)=C(*)C1C,368.36900000000014,5.281800000000003,55.760000000000005,1,3,8,1,0.14285714285714285,0.2740009553580443,6.155452561319038
*CC(*)(F)C1=CC2=C(N(C)CCOC(=O)C=C3C=CC(C#N)=N3)C=CC2=C1,349.36500000000007,2.7526800000000016,65.69,0,5,7,3,0.25,0.5235912974912544,5.276840201380838
*CC(C)CNC(=O)CCCCCCSCCCSCC(=O)N*,346.562,3.0938000000000008,58.2,2,4,16,0,0.875,0.4217160220414087,3.9922146349553014
*OC(=O)N(C)C(=O)C=CC(=N)OC1=C([Se]=CC)CC(*)=C1,340.2170000000001,1.1705699999999999,79.69000000000001,1,5,4,1,0.23076923076923078,0.36060675726129704,5.424437568399274
*N=C1N(CCCCCCOP(=O)(O*)OCCCC)CNC[SH]1C,367.4520000000001,3.2406000000000015,72.39,2,6,13,1,0.9285714285714286,0.29578160685191984,5.283192533920351
*CC1CC(CN(*)C(=O)NC(=O)N(CCl)CCOC(C)CC)C1,331.8440000000001,2.8895000000000017,61.88000000000001,1,3,9,1,0.8666666666666667,0.5217333894514389,4.659041884524761
*N(CC)c1ccc(C(=O)OC2=CC=*C#CC#C2)c(C(=O)c2ccccc2)c1,353.377,3.1140000000000017,46.61,0,4,6,3,0.08695652173913043,0.4548011140513041,4.353020065172755
*CSC(=S)CCC(=O)NCCCCCNC(=O)c1ccc(*)cc1,350.50900000000007,2.2251000000000003,58.2,2,4,11,1,0.47058823529411764,0.4745847205625492,3.420315412000819
*/N=C/C1Cc2ccc1c(S(=O)(=O)C1=CC=C[Si](C)(C)*C=CO1)c2,344.48800000000006,3.363400000000002,55.730000000000004,0,4,3,4,0.23529411764705882,0.623913038109064,6.7429470274074195
*C1=CN(C(=O)C2CCC(*)CC2)C=CC=CC(=O)/N=C/c2ccccc21,332.403,3.919900000000003,49.74,0,2,1,3,0.2857142857142857,0.7824484929880396,4.56025960218795
*c1ccc(C(C)C(O)C=CCN(*)C(=O)OCSCCCCC(C)C)cc1,377.5500000000002,4.301700000000004,49.769999999999996,1,4,12,1,0.5714285714285714,0.33511000179025097,4.707615595653126
*C(=O)NCCSSCCSCCNC(=O)N1CCN(*)CC1,350.5350000000002,1.1514,64.68,2,6,10,1,0.8333333333333334,0.455181069212196,3.9298408380625913
*c1cc(CC(=O)CCN(C=CC=C(C)C(C)(C)C*C)CC)c(C=O)[nH]1,343.4910000000001,3.863000000000003,53.17,1,3,12,1,0.5238095238095238,0.4629888169565559,4.74953649924582
*C1=CCC2=C(C=[C]O)C=CC(=N1)C*CCCCCCOCCCOCCO2,373.49300000000017,4.842490000000004,60.280000000000015,1,5,1,2,0.5909090909090909,0.6680867581870356,5.892405023862379
*C(=O)c1ccc2c(c1)NC=CN(C(=O)C=CC=CC=CCC(*)CO)C2C=CC,376.45600000000013,4.107400000000004,69.64,2,4,8,2,0.21739130434782608,0.40698807806559967,5.241622693119261
*O[Si](C)(C)OC[Si](C)(C)O[Si](C)(C)OCC(CC)C(O)=C(*)N,365.6510000000001,2.9262999999999995,83.17,2,6,11,0,0.8461538461538461,0.4325426233497829,5.164445332664736
*CCOCCO*N(C)OCC(F)(F)O[Si](O)CCc1ccccc1,363.4330000000001,2.0982000000000003,60.39,1,6,15,1,0.6,0.292552441750242,4.480647613805073
*Oc1ccc(NC(=O)C2=CC(=CN(C#C)C(=O)c3ccc(*)cc3)C=C2)cc1,354.36500000000007,2.756000000000001,58.64,1,3,5,3,0.0,0.6635033069218552,3.9271902498514315
*Oc1ccc(CCNCC(C)O*2NC=C(CO)Cc3ccccc32)nc1,355.4380000000001,1.2599999999999996,75.64,3,6,9,3,0.35,0.5882246354525448,4.5848490771204835
*CCCNC(=O)OCCCCOCCNC1CC(Br)=CC=C1*,373.291,2.9410000000000007,59.59,2,4,12,1,0.6875,0.5167195605630399,4.35587614640259
*C*COCCCOCCOCC(O)COCCCN(C)CC(C)CC,362.5310000000001,2.1394,60.39000000000001,1,6,21,0,1.0,0.3157699525100691,4.347640209263627
*OC(=O)CCCCCCC(=S)CCCCNC(=O)C1CCN(*)CC1,354.51600000000013,3.167200000000002,58.64,1,5,13,1,0.8333333333333334,0.4065911939105401,3.5263650005279388
*CCCCCC[Si](C)(C)OCCNC(=O)NC1CCN(C)CCN1*,356.5870000000002,2.4632000000000005,56.84,2,4,11,1,0.9411764705882353,0.44100120846620955,4.360063329613789
*OC1=CC(=CC(=O)C(N(C)C)[Si](C)(C)Cc2ccc(*)cc2)C=C1C#N,350.494,2.44458,53.33,0,4,7,2,0.3,0.5598240632240397,5.081079612314809
*NC(CCl)COc1ccc([Si](C)(C)C2CC=C(*)O2)cc1O,325.8680000000001,2.0665,50.72,2,4,7,2,0.4666666666666667,0.5950180623272101,5.136081290497762
*OC(=O)C1=CC(=C*CN(C)CCS(=O)(=O)N(C)C/C=C/C)C=C1,339.437,1.1860000000000002,66.92,0,5,10,1,0.4375,0.5593690791428473,4.652515942058995
*[Si](O)(C=CC=CC(=O)Oc1ccc(C(F)(F)F)cc1)O*C=C,329.326,2.9030000000000014,55.760000000000005,1,4,7,1,0.07142857142857142,0.27472172865222017,4.372546289110561
*[N+]=CC=C1COCCC(C(CC)CP(C)(=O)O*)C=C1[N+](C)(C)C,341.4120000000001,2.8253000000000013,49.63000000000001,0,4,7,1,0.7058823529411765,0.40640087763617844,6.100840386052099
*=NCCC1=C*CCNC(=O)CSC(=O)NCCN(CC)CC=C1,338.4770000000001,1.9473,73.8,2,5,4,1,0.625,0.8215529954264382,5.071706419772058
*=C(C)C1(C)CC(SC=[C](C#N)[Cd][CH]=[C]*C2=CC=CC=C(CF)C2)C(=O)C1O,482.8810000000002,3.7163700000000035,61.09,1,4,8,2,0.38095238095238093,0.4230397962417069,6.518617986436865
*CN1CC2=CC3=CCc4cc(ccc4C=CC[SH](=O)=O)*N3N=C1C=C2,352.4390000000001,1.3106,52.980000000000004,1,5,4,5,0.21052631578947367,0.8305225165550736,6.387334133522213
*C1=CC=C([O][Na])C=C(/C=C/OC2=CC=C(S(=O)(=S)Cl)O*2)[C]1,349.772,2.568290000000001,44.760000000000005,0,5,5,2,0.0,0.4334657807115027,6.668003661200885
*CCCN(*)C(=O)C(=O)C(Cl)(Cl)CN(C)CCOC(F)(F)F,351.152,1.8481999999999998,49.85000000000001,0,4,10,0,0.8181818181818182,0.44533446698518236,4.437081885098998
*N(C(=O)COc1ccc(C=*)cc1)C(O)N(C)c1ccc(OCCC)cc1,355.41400000000016,2.2590000000000003,62.24000000000001,1,5,10,2,0.3,0.6626039847453976,3.7182425682447438
*C1=C(OCCOC)N=C(OCCCCCOc2ccc(*)c(OC)c2)C1,347.41100000000006,2.6191000000000004,58.510000000000005,0,6,12,2,0.5263157894736842,0.5441285808847431,3.7098124753245347
*NSC1=CC=CC(OC(=O)SSCCCOCC(*)=O)S1,351.4960000000001,3.159600000000002,64.63,1,9,10,1,0.45454545454545453,0.2765669757419375,5.423323450438621
*N(CCC*CC)CCOCCOCCCCn1on1C(C=CC=CC)N=C,381.54100000000005,4.1254000000000035,57.06,0,5,20,1,0.75,0.1935962218850877,5.3742404669540225
*CCNC(=O)NC1=CC(=CCC2=CC(=COCCN(*)CC)C=C2)N=C1,340.427,2.678400000000001,65.96000000000001,2,4,10,2,0.3684210526315789,0.4745833722083643,4.901398089710151
*c1ccc(C(=O)c2ccc(N=Cc3cc(*)ccc3CC(=O)CO)cc2)cc1,355.3930000000001,2.1212999999999997,66.73,1,4,7,3,0.08695652173913043,0.5214601110822258,3.586014264860812
*CCCC(=C)C(COCCOC(=O)N=CC=CC(=C)CBr)O*,372.25900000000007,3.8712000000000035,57.120000000000005,0,4,13,0,0.5,0.1619322477100443,5.229378532252035
*N(CC)S(=O)(=O)C[Si](*)(CCCCC#N)CNc1ccc(F)cc1F,373.501,2.759780000000001,73.2,1,4,11,1,0.5333333333333333,0.47811008224827717,4.409640032910492
*CC(*)COC(C=C)=CC=CCS(=O)(=O)OC1=CC=CC=[SH]1=O,342.438,1.9753000000000003,69.67000000000002,1,5,10,1,0.26666666666666666,0.21609478574961025,6.249888807028433
*C#CC(C(=O)Oc1ccc(OCCOC)[nH]1)c1cccc(C(C)*C)c1,340.39900000000006,3.4334000000000024,60.550000000000004,1,4,9,2,0.35,0.43151695034373855,4.92148676796808
*CCC(=O)NCCCCCSCOC(=O)NCCN(*)CCc1ccccc1,393.5530000000002,3.0565000000000015,70.66999999999999,2,5,16,1,0.6,0.33363628013011964,3.3531592681384623
*CC[N+]1(C)CC2C=CC(C(N)=O)C2CC=C(C#CCC(=O)O*C)C1Cl,364.87300000000005,2.1841,69.39,1,3,5,2,0.5789473684210527,0.26712132358377344,6.324204200414958
*CC(*)C(=O)C(=C)SC=CO[Si](CCNC(=O)OC)C[N+](C)(C)C,358.5360000000001,2.1884999999999994,64.63,1,5,12,0,0.6,0.2507025932983146,5.623474586816281
*Nc1ccc(C(=O)NC(=O)c2ccc(Sc3ccc(*)cc3)cc2)cc1,346.41100000000006,3.458800000000002,58.2,2,4,5,3,0.0,0.6948424035196816,3.025290996803056
*OC(CO)C(Cl)=CC(=O)C(C=C)=CC=CC(=O)NCCCCN(*)C,354.8340000000002,1.4810999999999999,78.86999999999999,2,5,13,0,0.4117647058823529,0.2974174116344322,4.878166186756646
*CCN(NC(=O)C([2H])N*)OC(=O)c1ccc(C#Cc2ccc(F)cc2)cc1,354.35910177799997,1.6520000000000004,70.67000000000002,2,5,7,2,0.15789473684210525,0.5844876857156386,4.3647662830388745
*OC(=O)Nc1ccc(CN(CC(F)(F)F)C(C)(C)N(C)C(C)=O)c(*)c1,359.34800000000007,2.4527,61.88,1,4,6,1,0.5,0.7929059532046822,4.062058269530329
*/C=C1/CC(=O)CCCCCCS(=O)(=S)c2ccc(N*)nc21,322.45500000000004,2.876500000000001,59.06,1,5,1,2,0.4666666666666667,0.861335933533767,5.2369846167356275
*CNC(=O)CCCOC1CCCOC(=O)N2CCN3*C1C=CC2C3,336.41200000000003,1.0496999999999996,71.10999999999999,1,5,6,3,0.7647058823529411,0.5798296960582378,6.526673169763916
*N=C(C)C=C1C=C(C(=O)OCC#CC#CCC*C)C=C1OCC(C)N,339.4150000000001,2.5172,73.91,1,5,8,1,0.4,0.31909610512522507,5.28156380198815
*OC(=O)Cc1ccc(CCC(=O)NCCCC/N=C/c2ccc(*)cc2)cc1,364.445,2.3593,67.76,1,4,11,2,0.3181818181818182,0.4916014696634584,3.2457481467297526
*c1ccc(C(O)C(=O)Nc2ccc(N(C)C(=O)[Si](*)(C)C)cc2)cc1,340.45500000000004,2.4256,69.64,2,3,5,2,0.2222222222222222,0.8214676826574637,3.8982303625808212
*[N+](*)(C=C1C=COC(NN(C)COc2ccc(C)cc2C)=C1)CC(=O)OC,358.4180000000002,2.2637400000000003,60.03,1,6,8,2,0.3157894736842105,0.4370167969287067,4.317921230976349
*C(=O)N(CCCC[Si](*)(C)S(=O)(=O)C(F)(F)Cl)C(C)C,333.86,2.9715000000000016,54.45,0,3,8,0,0.9,0.3896316129528614,4.66303663217993
*C1(C2C=CC=C(COCCOCCOCC[CH2])*C=C2C(C)[N])N=C2CC21,356.46600000000007,2.476490000000001,62.35,0,4,12,3,0.6190476190476191,0.504784584217828,5.940643512204843
*C(C)=C(Br)C=C[Si](*)(C(Cl)Cl)[Si](C)(C)ON,347.18800000000016,3.269000000000001,35.25,1,2,5,0,0.5,0.3586155094259719,5.925513608803871
*CCCN(CCOC1=CC2OC(*)CCN2CC1=O)Oc1ccccc1,344.411,2.0470999999999995,51.24000000000001,0,6,9,3,0.5263157894736842,0.6392567400995054,4.967986160680631
*C1=CC(CC([2H])(F)CC(O)(F)F)=C1[Si](C#N)CC#Cc1ccc(*)cc1,345.39410177800005,2.7562800000000003,44.019999999999996,1,2,6,2,0.2777777777777778,0.6364206175701297,5.768360961103007
*CC(*)C(=O)O[Si](C)(C#N)OCCC(F)(F)C(F)(F)C(F)(F)F,353.2659999999999,3.209380000000002,59.32000000000001,0,4,8,0,0.8,0.49665637097814647,5.247438387448012
*C#CC(CCOC(=O)NCCCCCC)(CO*)C1CCNCC(C)C1,350.5030000000001,3.2962000000000016,59.59,2,4,11,1,0.85,0.4433453720206492,4.846884127968236
*C(=O)C1=C(OC)C(F)=C(Cl)*OCCOCCCN(CC)C=C1,332.77900000000005,2.6127000000000002,48.00000000000001,0,5,3,1,0.5333333333333333,0.794800052021236,4.898814196587699
*c1ccc(SCCc2ccc(O[SiH](*C)[Si](C)(O)OO)cc2)cc1,365.5790000000001,2.5607000000000006,58.92,2,5,9,2,0.25,0.3095095586381886,4.891690555898373
*C1=NC=C([Si](C)(C)CCOc2ccc(Oc3ccc(*)cc3)cc2)NN1,351.48199999999997,3.1344000000000003,54.88,2,5,7,3,0.21052631578947367,0.7527055400493644,3.965775712087771
*C#CCC1C=C(COC(=O)C(C=C(Br)C#N)CCl)C(*)CC1,368.65800000000013,3.7614800000000024,50.09,0,3,6,1,0.5,0.23572778456595583,5.932934925801563
*C#CCC(=O)NCCCCCCCSSCCCNC(=O)S*,360.5700000000001,3.6320000000000023,58.2,2,5,14,0,0.7333333333333333,0.28135808627619924,3.8656868763882084
*C([CH2][Na])C(=CC)C(Oc1cccc(Br)c1)C(=S)O*C(=O)O,380.2150000000001,4.089400000000002,55.760000000000005,1,4,8,1,0.2857142857142857,0.4183691323713891,5.378755306804036
*Nc1ccc(C(=O)CN(C)c2ccc(*)cc2)cc1C(O)(F)C=CC=CC,352.40900000000005,3.3034000000000017,52.57000000000001,2,4,8,2,0.19047619047619047,0.56535944991607,4.447001724473131
*CC(CNC(=O)C=CC=CC(CS)[PH](=O)[PH](*)(CC)N=[C])C(C)C,374.42700000000013,3.8316000000000034,58.53,2,4,12,0,0.625,0.1793148895633704,6.1534273080852895
*C(C(=O)NC(C)(Cl)C(F)(F)C(F)(F)F)C(=O)OCCN(*)C,338.6600000000001,1.5323000000000002,58.64000000000001,1,4,7,0,0.8,0.25140528945898133,4.900055842261787
*N(CCCC)CNC(=O)CCCC(=O)N(C)OCCC(CC)N(*)CC,356.51100000000014,2.1417,65.12,1,5,16,0,0.8888888888888888,0.3390199100437555,4.479716493242101
*C(=O)CCCCC(=O)NCCCN1CCCC(Cc2cccc(*)c2)C1,342.483,2.2583,49.410000000000004,1,3,11,2,0.6190476190476191,0.627702153441652,3.6302512105795586
*CCN(C=CC=C(F)N=C)COC=C1C(O)=*C([S])C=CC=C1OC,351.42300000000006,3.3503000000000016,54.290000000000006,1,5,9,1,0.29411764705882354,0.22754056084583713,5.891465252690711
*C1C*C=C(C(F)(F)F)C(=CN(CC#N)CCC)N=C(O[SH]=O)C1,348.37000000000006,3.0297800000000015,65.69,1,5,5,1,0.5714285714285714,0.6126070058476535,6.239920047698618
*CC1CNC(=O)C(C)C(=O)O*C(=CC)C(C=C)=CCC1=CC=COC,344.4310000000001,3.3721000000000023,64.63000000000001,1,4,4,1,0.4,0.6271940364879603,6.216370728481486
*CCCCC(=O)c1ccccc1COCCOC(=O)CN1CCN(*)CC1,360.4540000000002,2.1489000000000003,59.080000000000005,0,6,12,2,0.6,0.3233770525621343,3.3079150446626624
*C1C2=CC=CC(=O)*C=CC2C(CI)C1[N+](=O)[O-],344.12800000000004,2.2720000000000002,60.209999999999994,0,3,2,2,0.4166666666666667,0.3342090121446732,6.617394801512683
*NC(C)C[N+]C(C)(C)NC(=O)C=C1C=CCC(NC(=O)CC(*)=S)=C1,347.4640000000001,1.0386999999999986,84.33000000000001,3,4,9,1,0.47058823529411764,0.42975046130581146,5.311614098844557
*/C=C/C(COC=C)C(=O)OCCC1=CC=C(C#N)C=Cc2cc(O*)ccc21,361.39700000000005,4.162480000000003,68.55,0,5,9,2,0.18181818181818182,0.48784305979433745,4.9497195871873005
*Oc1ccc(NCNC(=O)C(C#N)c2ccc(*)cc2)cc1C=CCC(C)C,361.44500000000016,3.556580000000002,74.15,2,4,9,2,0.2727272727272727,0.6699398618315204,4.263899616372208
*CC(C)(C)CCOC(=O)CCCSCC(=O)NN(*)CCSCC,362.5610000000001,2.977500000000001,58.64000000000001,1,6,15,0,0.875,0.2745255919242188,3.9313756705657816
*CNCCCC(*)C(=O)OC(C)OCCOc1ccc(Br)cc1,372.25899999999996,2.9481,56.790000000000006,1,5,12,1,0.5625,0.3474013824499419,4.158705631994511
*NNc1ccccc1CN1C=CC(Cc2ccc(*)cc2)C1=COCCSN,380.51700000000017,2.8951000000000002,62.55,3,6,10,3,0.23809523809523808,0.25498402428644973,4.841917992440584
*CSCCCCNC(=O)C1=CC(=O)CC=C1C=CCC(=S)O*,337.46600000000007,2.703000000000001,55.400000000000006,1,5,10,1,0.4375,0.49058451437850753,4.4405859612804885
*/C=N/CCCCOC1=CC(=CC(=O)/C=C/c2ccc(OC)c(*)c2)C=C1OC,365.42900000000014,3.1807000000000016,57.120000000000005,0,5,11,2,0.2727272727272727,0.34331982921896415,3.96307542808783
*CCOCCOCCN(CC)NC(=O)C1=CC=C(N(*)CCC)C(C)C1=O,365.47400000000016,1.5456999999999992,71.11000000000001,1,6,14,1,0.6842105263157895,0.2860693015372758,4.833705021176428
*N1COCC*OC(C)C(CNC2=CC(=CC(=O)c3ccccc3)C2)C1=O,355.4140000000001,2.3931000000000004,67.87,1,5,5,3,0.4,0.6488383732222038,5.491105381123755
*C(N=CC(C=C)=CC=CCC)=NCCOC(=CC)OCc1ccccc1*,350.46200000000005,4.310400000000004,43.18000000000001,0,3,11,1,0.2727272727272727,0.1961804562550203,4.664056230154385
*O[Si](*)(C)c1ccc(CO)c(NC(=O)[Si](C)(C)OCCN(C)C)c1,354.5550000000002,1.3849999999999996,71.03,2,5,9,1,0.5333333333333333,0.6558342064340885,4.638379481921176
*Cc1ccc(C2=C*C(C(=O)C([O])=O)=NCN(C)CCCOC2C)cc1,342.3950000000001,1.7845999999999997,78.87,0,5,4,2,0.42105263157894735,0.7815387584451489,5.114240411369046
